MktRet,SMB,HML,BSI,date
0.02619444146761316,-0.0011161458748919703,0.006541287504208872,1.0508188045058942,2015-04-07
0.006054794053366773,-0.01690874212790071,0.009019442192862383,0.25758235985810485,2015-04-08
-0.009386389668041312,-0.003740501567174488,-0.0042907884838857095,0.4342858083821959,2015-04-09
0.02254926435863027,0.008341394006279583,-0.0013090774303160697,0.28864944903025436,2015-04-10
0.023030656198832232,0.005531107489414423,0.005849463838040931,0.9702199813111461,2015-04-13
0.0038908735756199024,0.0012129447028791126,3.0362344734419754e-05,0.31053961827509124,2015-04-14
-0.01732109102432307,-0.017254842985269525,0.014474691210462794,0.17770482647833186,2015-04-15
0.026361635654476877,-0.014893057335602575,0.006806940636198024,0.254775140743871,2015-04-16
0.020404339014338947,-0.01239617322841152,0.013388753010254257,0.6125271948567201,2015-04-17
-0.01582775749381671,-0.008455322658573742,0.006037105953474873,1.0001258397332604,2015-04-20
0.024900429496578346,0.011237689422317725,-0.011509864511036302,-0.23748552980486892,2015-04-21
0.02745079158824529,0.004250874756835818,-0.0016898517667801212,0.33362638458358745,2015-04-22
0.006438478088099445,0.007264497654479576,-0.004698629840318378,0.5266758318180662,2015-04-23
-0.0026441111559776104,0.0050318677532205,-0.010864104877706546,-0.10963970617812763,2015-04-24
0.027206194878227136,-0.012323888000287875,0.021874363525554698,0.5781192614243473,2015-04-27
-0.015529099259151306,-0.01515484622222995,0.01617430502873908,0.01366497046398124,2015-04-28
0.005348653525178703,0.016243559757467038,-0.017642356221117643,-0.13578501771344031,2015-04-29
-0.004262176232323652,0.009027669275256549,-0.00949785281217222,0.34626069712469304,2015-04-30
0.010994312084717583,0.004587633011805536,0.011198652539259387,0.6203054669606048,2015-05-04
-0.03878293191777718,0.0037029730002342137,-0.013557142855770182,0.0275193432354158,2015-05-05
-0.014923125013018183,-0.006590635921452769,-0.013555289888555585,-0.6067374407203692,2015-05-06
-0.024096874464431848,-0.004089120448322301,-0.014782459699249247,-0.5795279432311171,2015-05-07
0.029103714120008374,0.017476346559475393,-0.014256945946671595,-0.3166795396873745,2015-05-08
0.036187154773385945,0.011999083894740532,-0.014008469931661882,0.22371416470746122,2015-05-11
0.017545312757334914,0.005271972670871556,-0.017890019979955353,-0.1442097644998248,2015-05-12
-0.00025124222445163484,0.016162033274635015,-0.013890018761795252,-0.15327127238197763,2015-05-13
0.0018763148090695445,0.018301288603613068,0.00020815346897615217,-0.37557526986393164,2015-05-14
-0.01384445501035289,0.007571992732371334,-0.013155614927034188,-0.5286875127255897,2015-05-15
0.0007074283130258912,0.02392053277388189,-0.021953893541402703,-0.07190682498634154,2015-05-18
0.03358039983433299,-0.0019827047617907434,0.007007151282840046,-1.030822797847029,2015-05-19
0.011226725451280993,0.010055709482929854,-0.011228782141387502,0.36061640805601963,2015-05-20
0.02645692245366435,0.013963822818886772,-0.011415127074836648,-0.2803731702676109,2015-05-21
0.02554540284566722,0.0006092044641212574,0.013580196439792861,0.05262792772130398,2015-05-22
0.033757884151748664,0.0032970767599521528,0.009159159191565281,0.7511286686983758,2015-05-25
0.025896770761715315,0.01452265462794649,-0.016313323485034947,0.27920850055086177,2015-05-26
0.007366772832445613,0.016905738850828515,-0.005894908757224971,0.22826506197551932,2015-05-27
-0.06810900033358161,0.012008558195150482,0.006960529845488353,-0.03789129952466555,2015-05-28
0.0032039501878914772,0.012690760133204613,-0.007664413815055701,-0.7811334688588886,2015-05-29
0.05468089207757646,0.006702210539566267,0.0005617734214064876,0.1322994234783576,2015-06-01
0.02655167827551306,0.02558706047104567,-0.012072466409966301,0.16443312402217436,2015-06-02
0.0025696565754786804,0.011005999033098969,0.005694804649532236,0.058139783341874196,2015-06-03
0.007416175120875385,-0.0038769043886178294,0.012014290052585586,-0.2301764660999972,2015-06-04
0.017872961140112102,0.008924701801619025,0.0074623349939415395,0.08268723168256564,2015-06-05
0.016427940551491306,-0.023875896061924116,0.028064828676118196,0.36836265418340186,2015-06-08
-0.003653347563665328,0.00679103570883314,0.0016814515973973614,0.41768611466809025,2015-06-09
0.005409224527686575,0.01899582578568015,-0.012088471426636764,-0.18707029012504284,2015-06-10
0.00866205935183959,0.022442177602209425,-0.0047822052721350344,-0.29681319206367845,2015-06-11
0.012013119155616342,0.015302434934883957,0.010037860268394334,-0.5021424431084323,2015-06-12
-0.017670656615704106,0.00802926936766253,0.01359288146073135,0.10893112109266528,2015-06-15
-0.0371044281372879,-0.006192373229412525,0.004119301758909122,-0.8810191062865158,2015-06-16
0.018891593425982574,0.003103776313822318,-0.001503146695726737,-0.56873903770211,2015-06-17
-0.03692673084116571,0.00995864520520066,0.00784558086741909,-0.5434444447704645,2015-06-18
-0.06777239081770406,-0.017047171046902163,-0.0033550099012115975,-1.256624344977713,2015-06-19
0.022315643754741557,-0.027854547115918317,0.009689219304829287,-0.3691670204453666,2015-06-23
0.026657975096541713,0.008826638039438603,0.012426644825672316,-0.18075442807918685,2015-06-24
-0.0366069262129407,-0.0012973532460922518,0.005775520046654256,-0.32541947673829796,2015-06-25
-0.08237979689183941,-0.007755491666583514,0.008956820960795017,-1.24912198138013,2015-06-26
-0.0414974039982107,-0.029568974201017,0.036709229191807385,-0.5178214739688025,2015-06-29
0.06149013848056001,-0.0167260888901955,0.0022037729784289625,-0.910991929114898,2015-06-30
-0.057097378891518384,-0.017649234500939727,0.002647548581698897,0.17873020532095524,2015-07-01
-0.04302124967397833,-0.03724018987045548,0.02771685005531569,-0.9386161029395569,2015-07-02
-0.06108278553648597,-0.026235542421297844,0.006726101730755926,-0.6617778983001208,2015-07-03
0.018794751176398672,-0.07410030049848991,0.04977784885345431,0.06375138213092912,2015-07-06
-0.02258718845311733,-0.05044208660795109,0.04918420772234691,-0.2972984520312051,2015-07-07
-0.0705730532626801,-0.009597774930801398,7.974113223287171e-05,-0.5834757556957193,2015-07-08
0.07952733521667837,0.009991490015628213,-0.014770307342265435,-0.6657025828118531,2015-07-09
0.0651697967199107,0.018297675804869462,-0.024677472065745235,0.8918035827019124,2015-07-10
0.038646990817585006,0.04079002024676335,-0.036124055197781085,0.4071376072705756,2015-07-13
-0.0035592834875365353,0.040160592213826604,-0.04719223711295002,-0.3109649228359122,2015-07-14
-0.03184841680858134,-0.015462889536256581,0.016447553727862982,-1.0811485707943624,2015-07-15
0.011434998046107366,0.0034240647490432867,-0.006801694456637567,-1.0442277526745114,2015-07-16
0.046532716932898954,0.021004376488390847,-0.026401084454470605,-0.05805552827530992,2015-07-17
0.015147060083389945,0.01877075557010903,-0.028877451396743175,0.2812191395903313,2015-07-20
0.009917389432975925,0.022350479044469743,-0.01784105038899993,-0.8389081743946505,2015-07-21
0.0065938213471734754,0.010767745835047124,-0.01735026278856018,-0.5387609381621806,2015-07-22
0.027920521592310638,0.015876874326186934,-0.008878374696660037,-0.7396932912644278,2015-07-23
-0.013831601156639922,-0.00029417911649506565,-0.009430673205120617,0.0315740149465345,2015-07-24
-0.09042821232790953,0.004258887388714633,-0.002909550467714503,-0.3581783283936318,2015-07-27
-0.01713533885749762,-0.028745984081973645,0.017555085716391486,-1.8446978163080743,2015-07-28
0.04281636204315688,0.021943998383868957,-0.018193407956138392,-0.416678121908485,2015-07-29
-0.02550024411507035,0.0020782989723101136,0.0027167739363995642,-0.6088009661294849,2015-07-30
-0.009761876418428947,-0.007461748184468233,0.012295141797580785,-1.308593607576169,2015-07-31
-0.013715829777097559,-0.0322176270591764,0.034389501046618164,-0.23521210868363285,2015-08-03
0.04662355916804108,0.025591056401863807,-0.02464599221927205,-0.48976315231500467,2015-08-04
-0.01574057529657171,0.013920127756831654,-0.003148977575069472,0.10557189561632463,2015-08-05
-0.00802570064738957,0.010900157289188113,0.0004195480171749104,-1.0130303649509163,2015-08-06
0.02760904460454452,0.013105487203258818,-0.017244425674759607,-0.9270218626767139,2015-08-07
0.05491309553536041,0.004565143000502092,-0.012883166158212382,0.08907509067031827,2015-08-10
0.002871873054930041,0.012880465977476116,-0.004662528028050239,0.20716411497257373,2015-08-11
0.006121413371316433,0.001171400141875216,0.0015377873454596545,-0.47758594212674116,2015-08-12
0.021584120255166126,0.013386586943674839,-0.006143068843474375,-0.6742382589003341,2015-08-13
0.005413132132173105,0.01213862250679108,-0.001876263769688885,-0.3059714676480242,2015-08-14
0.01130350314479618,0.017372396948641598,0.0024412207970765792,-0.019019912795391933,2015-08-17
-0.06802077313779172,-0.016392026223979214,0.00853676686849171,-0.43277353915465466,2015-08-18
0.018141146642661733,0.011885420108683906,-0.01139791896926761,-1.4561628916398814,2015-08-19
-0.03659482843293263,3.8040742952570594e-05,0.007839054098436868,-0.7299906051873051,2015-08-20
-0.05102721863195592,-0.012965580764753758,0.00563036274146525,-1.2096163686515364,2015-08-21
-0.09388772574380667,-0.0015935703617104835,0.0023506643904878527,-0.7408564950891878,2015-08-24
-0.08482456159367938,-0.009251343186323202,0.001027129048868855,-1.350116663075889,2015-08-25
-0.017929934287103287,-0.013337482308291418,0.030412364409829105,-0.7001503851453189,2015-08-26
0.05683039576456345,-0.0067683863926899235,0.013809201835487582,-0.7626104862923255,2015-08-27
0.059536920632442356,0.01621227075841991,-0.016430306399179792,-0.1543849315315281,2015-08-28
-0.011663255381917877,-0.03372877079122932,0.013689216432140668,0.31898338216377703,2015-08-31
-0.020693186353894867,-0.04946895648554206,0.03659119364945962,-0.02017291602014326,2015-09-01
-0.004626784514324999,-0.04107707304572919,0.027814962462436733,-0.5183068139795131,2015-09-02
-0.020980086621151913,0.04437897530527412,-0.015764832340797445,0.2066036659406973,2015-09-07
0.03531708051994574,0.027820817349740116,-0.013708990497412164,-0.8433834315406816,2015-09-08
0.029887896094782533,0.020140691404508193,-0.016473087141577317,-0.44607468467540834,2015-09-09
-0.015077205618875341,-0.006344767956610611,3.262724790696614e-05,-0.27908016854620427,2015-09-10
0.002654549810234601,0.013785892891627988,-0.003466800978057308,-0.34926520689460727,2015-09-11
-0.039395522754523446,-0.04537233607255155,0.022859581274772466,-0.07206818023807599,2015-09-14
-0.04447579449078894,-0.013579175594646553,0.02308876459920403,-1.2991310813486394,2015-09-15
0.06294832229823559,0.020328539027838585,-0.017791745310972662,-1.0825048436556486,2015-09-16
-0.022664179572114328,0.00255931545309121,0.0022660594571236245,-0.45400229236001616,2015-09-17
0.006935892895429879,0.011830716502961441,-0.008704952609711278,-0.7832065575171614,2015-09-18
0.02604383449607597,0.01606409363124281,-0.02408131512375486,-0.32056006650401514,2015-09-21
0.0100749325654515,0.004026412517990543,-0.0033887720968851127,-0.33717300815142914,2015-09-22
-0.020780818262633304,0.008292671760817773,-0.011572487677493781,-0.307078236643523,2015-09-23
0.011510311888347429,0.011575054721538568,-0.005824672603412361,-0.8960716828986056,2015-09-24
-0.02164172578548084,-0.015223050277659776,0.018408391593030853,-0.6636808693326769,2015-09-25
0.007739958061781533,0.016094153802243237,-0.016481698757309763,-0.5581701677678598,2015-09-28
-0.02126929612993403,0.004171517907410195,-0.0031956414278654297,-0.7630686857304374,2015-09-29
0.006113109175067669,-0.00048364166102824683,8.201792542641279e-05,-0.9018896049028435,2015-09-30
0.03786942837980087,0.011099746065988285,-0.015969145398313726,0.817367052224381,2015-10-08
0.01610479797844607,0.005717288083445141,-0.00135669262597575,-0.3197668231909581,2015-10-09
0.040716652682733265,0.01068293436657379,-0.0075069388041486,0.4174347438076856,2015-10-12
0.005158421814860694,0.01146119161233385,-0.010102767806079944,0.24518145042901218,2015-10-13
-0.011071487115380706,-0.0013959967663303968,-0.0013787522044420696,0.04658856705453128,2015-10-14
0.028523352358475734,0.010139689694175454,-0.013049572452640518,-0.34098694489778447,2015-10-15
0.01760361540457893,0.0018405513016141774,-0.008012250293644593,0.3601393772969948,2015-10-16
0.0009458112897460585,0.002552555950804481,-0.00275523260312383,0.40438607563155904,2015-10-19
0.015461745583653272,0.004988517703881291,-0.006418345595490288,-0.07031797072767246,2015-10-20
-0.04082718410319501,-0.03165202404639049,0.020459097075026834,0.0441824300398133,2015-10-21
0.02411599321468655,0.017959718735142634,-0.025104250825863216,-0.5992689914354842,2015-10-22
0.020144602621385677,0.02018579944499042,-0.010134946650229234,-0.36293086642773065,2015-10-23
0.007989579422543192,0.008270816709069595,0.0004977056144047365,0.48026315897570865,2015-10-26
0.0034485896670684445,0.0018899071651553492,-0.00863113276612904,-0.271498669931253,2015-10-27
-0.01994975773154381,0.003273370483335692,0.00869252394336125,-0.10907469347450177,2015-10-28
0.006306001550506238,0.009284466164950485,-0.0032952479991686674,-0.44517823686676083,2015-10-29
-0.001598731981469572,0.0026634562658722663,-0.0006225662316351665,-0.378036293925273,2015-10-30
-0.021230850453264977,-0.001597668377432939,0.005287926428136292,0.17197255669050932,2015-11-02
-0.002686898536242467,0.010656807407759709,-0.0011028544465924342,-0.5223061596102482,2015-11-03
0.05121240339368926,0.004994743042638292,-0.005289437964679254,-0.6610628503080498,2015-11-04
0.01675101672099813,-0.010660193286178924,0.01578282282942812,0.3854849246997779,2015-11-05
0.023459105572460674,0.00609913147098301,-0.007439453368174059,0.09728015571996368,2015-11-06
0.01711286252775978,0.0026146240971097225,-0.008176927583325288,0.8147873122932614,2015-11-09
0.0015462491666381024,0.01169133288886163,-0.0036652198191042132,0.008886605301585804,2015-11-10
0.006789726384475912,0.0165643432489997,-0.015506608820972104,-0.13816877857332738,2015-11-11
-0.004153152841705318,0.010638240094803629,-0.017935443141628503,-0.2529473875061941,2015-11-12
-0.014736233535553755,-0.005088336157113731,0.008968247674170237,-0.544921475011523,2015-11-13
0.01282591965746019,0.016324107185886793,-0.008729679293008212,0.06745150680261261,2015-11-16
-0.0018263778363530798,-0.0009570609859607193,0.00854618359302109,0.16423576505005327,2015-11-17
-0.011762380565115029,-0.005760588547416765,0.009075246236633805,-0.2616496846399153,2015-11-18
0.019488609618698603,0.010754787951684858,-0.015699209591581095,-0.5825120260734151,2015-11-19
0.0076587647644390695,0.01342569928230732,-0.008344919452222469,0.02851278603541496,2015-11-20
-0.005324724361904018,0.005171075308254121,0.006925983632732764,0.24109091266284258,2015-11-23
0.003766412290936363,0.01200760680795771,-0.004672360466749222,-0.5006348424746155,2015-11-24
0.012690568002722544,0.011432265010305169,-0.00944003675960717,-0.4169163980354883,2015-11-25
-0.0037114462349421215,0.004681040423623936,0.002812004405285762,-0.11369059841212986,2015-11-26
-0.060991986021433464,-0.0053846742106267165,0.0014344587061739522,-0.3392240204255272,2015-11-27
0.003911049380219943,0.01092528062975199,-0.0010258365221424122,-0.8185415440981488,2015-11-30
0.004934998843957901,0.0013385321966203857,0.01373955825547047,-0.4579287718495785,2015-12-01
0.020769936127924656,-0.02940963458933342,0.028336009958985137,-0.28783639469565114,2015-12-02
0.01711666328479625,0.015155362447519315,-0.010098990029202587,0.024884001675515854,2015-12-03
-0.01300416071292557,0.015944878094190512,-0.010310259510982413,-0.1618877224160584,2015-12-04
0.006763984034325546,0.009857556378853313,-0.008827255998488881,-0.2787070024033946,2015-12-07
-0.020145835579991986,-0.00015578649521246282,-0.005887660640011658,-0.52020306093022,2015-12-08
0.0010573141262784232,-0.0036484426830028435,0.0033449405176644133,-0.8851686160199358,2015-12-09
-0.0037900796487831826,-0.001151567054671431,-0.0031924547154245984,-0.5523591330569476,2015-12-10
-0.0058480903837289655,-0.0034932376722509473,0.0028489102605298525,-0.8943345416513677,2015-12-11
0.025957913352464005,-0.0045847226566520065,0.009309711787574337,-0.3773367640194772,2015-12-14
0.0015230464957791887,0.014375249886087713,-0.015848817640947217,0.28677076258619705,2015-12-15
0.002728800109408132,0.008702912194281863,-0.0030432819846879606,-0.08741432797380465,2015-12-16
0.021636624961721675,0.010197960515667015,-0.005108288889316078,-0.12423129255814899,2015-12-17
0.005019907436728408,0.0009103091839316217,0.0036829503557402293,0.33522560642800253,2015-12-18
0.018859796405113913,-0.006295485842362133,0.014150139642759829,0.36593440843463515,2015-12-21
0.0058884624666897326,0.007842260312451055,-0.0033937419188969937,0.5091947584725425,2015-12-22
-0.005331661164590689,-0.0036221579527057927,0.007513867370773602,0.1566001709985438,2015-12-23
-0.005798669625669364,0.007802052940924326,-0.0016027293306806432,-0.19254057392048435,2015-12-24
0.005408335497343857,0.00944494886492709,0.00013419559101653794,-0.20832283005709396,2015-12-25
-0.02556375494904934,0.0015756551134834401,-0.005232396013616872,0.4806003241381388,2015-12-28
0.010149982616670213,0.007300448193124623,0.0016993134377068786,-0.9943938093435687,2015-12-29
0.005029758174103092,0.007451278520515217,-0.007164331014504018,-0.3303960574796788,2015-12-30
-0.011492341437308566,-0.0051383555886403,0.004373443800534798,-0.3284989230812714,2015-12-31
-0.075938014811486,-0.015454957796195587,0.011580082201694847,0.12664564121042166,2016-01-04
-0.004044102884412143,-0.017060103034962294,0.017539828503201422,-1.4664665419294352,2016-01-05
0.025517964694971026,0.00955171301617893,0.0022363492343348175,-0.642594695656579,2016-01-06
-0.07776198516891639,-0.015102898446820778,0.014053321978377206,-0.6113871006367124,2016-01-07
0.019964858485304268,-0.0046504868198376115,0.016163670544192394,-1.2591618244315455,2016-01-08
-0.059224126412575094,-0.019025876109348153,0.01831608940920445,-0.46065519356484175,2016-01-11
0.003102759154199739,-0.005870224362320787,0.004037789651314837,-1.008614515124454,2016-01-12
-0.027134526992913962,-0.011479438546803677,0.016028003590594267,-0.42104508798113494,2016-01-13
0.02557377381372777,0.0057596871664097014,-0.018288527002594604,-0.8480290027914027,2016-01-14
-0.037088071524770824,-0.00838411346412865,-0.0028043711252011896,-0.1964408427008775,2016-01-15
0.00893172181554782,0.012562944359251968,-0.01827095798350861,-0.49158492997951464,2016-01-18
0.03613957469873287,0.00860639168198122,-0.010219313839204415,-0.300839411871795,2016-01-19
-0.010826595708081213,0.007839985160697553,-0.0019244115827497296,0.13660894468769647,2016-01-20
-0.0356215126332881,-0.002555858698465724,0.016566902532424183,-0.6488198616493083,2016-01-21
0.013834930445582504,0.006939999984480683,-0.003921324663568475,-0.7296460660514301,2016-01-22
0.009493087842568304,0.010302145175245605,-0.0043344872449102324,-0.028714767813601882,2016-01-25
-0.06867339499828386,-0.010391115511853191,0.009087712976368276,-0.6946470467252506,2016-01-26
-0.005681247129236282,-0.0048680870852264215,0.0035226508197243244,-1.2017314900725289,2016-01-27
-0.032825496385450625,-0.013441055428659247,0.016402014461118455,-0.5813230773524698,2016-01-28
0.0347104575936593,0.0021444644363165163,-0.009623043932305508,-0.7286709875206887,2016-01-29
-0.017027420973210916,0.0028804251162580854,-0.0016633455058705782,0.09046104920092624,2016-02-01
0.0272294296310251,0.008553196158341124,-0.016430649021005855,-0.8179064311162446,2016-02-02
-0.0015643880679053696,0.008185401344872336,-0.010664283621949053,-0.18703555253511361,2016-02-03
0.017564705430127905,0.009732639072513528,-0.010333456106834858,-0.3779674903502479,2016-02-04
-0.007396516230553481,-0.0005454840462545529,0.0027320037956745672,-0.24717612176056458,2016-02-05
-0.003902367489279507,0.005419827692010558,-0.008282678770909805,0.059986849940267206,2016-02-15
0.03815618170971455,0.0063218577636470555,-0.011055939483291338,0.17586570529050058,2016-02-16
0.013687277597250986,0.003990680539397103,-0.0052014427225452065,0.48199407601734134,2016-02-17
-0.0017665423745704984,0.005769179202120573,-0.0002494248481231735,0.23360781967937083,2016-02-18
0.0008931208445474879,0.005286266945614712,-0.003034829819004427,0.1378406255759318,2016-02-19
0.025152935351731083,0.001747328050159546,0.003569570487067901,0.46196796920239375,2016-02-22
-0.006928770549644978,0.0052225456328773776,0.000812931828638841,0.4404236586367346,2016-02-23
0.008466859246008322,-0.0023052642970319706,0.007557933301952717,-0.3418966367568552,2016-02-24
-0.07143496068154687,-0.015666124945495546,0.011235315171377352,-0.0008340362440484306,2016-02-25
0.008865229141001572,-0.005221856517934212,0.017631706486565195,-1.1718671838030312,2016-02-26
-0.03603948591776422,-0.02396406736122044,0.03584773898269897,-0.08530315089787055,2016-02-29
0.020879452189358126,0.006136362264819981,-0.0008145123462064835,-0.6159755896742325,2016-03-01
0.04909580838233474,0.007971462074345306,-0.0010854908551648085,-0.2932202844792393,2016-03-02
0.004213043025842363,0.00034240845523253374,0.0036484138247119347,0.5073646546651311,2016-03-03
-0.0009710477490055842,-0.027023466711608223,0.034636248107265885,0.013249643972954972,2016-03-04
0.012500441313852188,0.016348598507924337,-0.007743798898708007,0.4330079839108102,2016-03-07
0.0023015838612989387,0.007541309750853753,-0.0033442071383563508,-0.01454997263815,2016-03-08
-0.017053365739513063,-0.009155162599647593,-0.00394761577853317,-0.23906301103857108,2016-03-09
-0.019765026811998185,-8.941019200400108e-05,-0.00522393864796911,-0.14842215918107243,2016-03-10
0.00039306720673801384,-0.002077867714315933,0.003980639957217947,-0.5923681145057131,2016-03-11
0.023413808656390603,0.012543589911202059,-0.019411730045848397,0.2484814083540375,2016-03-14
-0.001169521080627146,-0.005304160179631095,0.004758896469998109,-0.0707592196583671,2016-03-15
-0.0004080147947957864,-0.005008667233368278,0.007675176375873037,-0.18916570762789306,2016-03-16
0.01899021870524908,0.01168754764832406,-0.02057835962331203,-0.1484107698545764,2016-03-17
0.02408219619730618,0.011614377825687444,-0.021383106170338246,0.18084915280249128,2016-03-18
0.025338867891914925,0.0034826908326678514,-0.0068072103803384285,0.7170926838619945,2016-03-21
-0.005228957690308859,0.003774980108551888,-0.007095755528202519,0.10798327068412386,2016-03-22
0.005805179023643532,0.005425038381668283,-0.008662378668747618,0.11317378000675732,2016-03-23
-0.016456562742076738,-0.0005073980813430114,-0.0016802464694304717,-0.2634056788104441,2016-03-24
0.007483845660885765,0.0037625282476408204,0.002874765428991793,-0.49503278825548325,2016-03-25
-0.006344367609107765,0.0027255103545241,-0.0024922244881107223,0.43068320664085324,2016-03-28
-0.014647031303514902,-0.005703742594138743,0.00792105110833605,-0.5127895060360704,2016-03-29
0.031853892865727165,0.008203872493297577,-0.010555588821219215,-0.38786284343892025,2016-03-30
0.002248445621079719,0.006704941550403375,-0.0009861768624259424,0.36462465961697876,2016-03-31
0.0001419764195540183,0.00196992433435099,0.00798015982948749,-0.14240208921378042,2016-04-01
0.01910221311104591,0.009999960137440766,-0.01290306663345318,0.3595252034338765,2016-04-05
0.0010631865174698689,0.004996968952969896,-0.005098683717312097,0.2536023737142912,2016-04-06
-0.015127993223052166,0.0007134389773521266,0.001522338689861038,0.00823364406589601,2016-04-07
-0.008146033161563353,0.0018319499033128163,-0.00024665251290544206,-0.818600223249348,2016-04-08
0.018675692204981432,0.0058955133481284755,-0.0019612483219895796,-0.011117097945401055,2016-04-11
-0.004142275133823709,0.000944965314283566,0.006422010720925457,-0.14750666847188096,2016-04-12
0.015591703194355861,6.965526515130029e-05,0.0030668204049491693,-0.185628633561793,2016-04-13
0.0066602571309670525,0.00852839509620545,-0.00503205672589188,-0.010295690942638935,2016-04-14
-0.000939374479036296,0.005602884605063276,-0.003250783820123151,0.11779586140689907,2016-04-15
-0.014356308552839332,0.0035320012854580113,-0.0003123309347754736,0.34650885754189253,2016-04-18
0.0035471750384780208,0.003164261364989266,-0.002031739090661335,-0.3597009631140947,2016-04-19
-0.029264409323533684,-0.020022307180217094,0.017226051871465663,-0.47545009368778673,2016-04-20
-0.007356826386295569,-0.0018497486643238043,0.011692740332778024,-0.9224645154371583,2016-04-21
0.005411224422315711,0.003751579331956671,-0.007572294956405615,-0.6856974251265979,2016-04-22
-0.0040859192830928065,0.0033642479494910595,0.0030082954157285083,0.1939090913155731,2016-04-25
0.008275309071595804,0.006638191771235041,-0.003789130584153127,-0.2884740960224925,2016-04-26
-0.0034788372423012475,0.003209389790589401,-0.002318416113918397,-0.26605870480789934,2016-04-27
-0.0027475813800327373,-0.00042440387385563483,9.040915569044844e-05,-0.558054589283861,2016-04-28
-0.001098000914341822,0.0010137661175242446,-0.0018321599636739409,-0.5477892671616235,2016-04-29
0.023509872274049073,0.00458279201049373,-0.009921898162491394,-0.016379131068253727,2016-05-03
-0.0005453129191936742,0.0026182445901043253,-0.0009428846940784015,0.11293517791928151,2016-05-04
0.0035743655469766718,0.004189056343876261,-0.005668901045826133,-0.2938378425571223,2016-05-05
-0.032083752643838115,-0.012869619749539755,0.007672275240040993,-0.2803320814659391,2016-05-06
-0.030897338124535847,-0.01858412596797413,0.010717929450626842,-0.6284521850239877,2016-05-09
0.0003730185084033418,-0.002703559126260783,0.0038493576653231675,-0.8906685770692037,2016-05-10
0.0012084878906169425,-0.008506988239490785,0.007321462380550616,-0.47529230659750077,2016-05-11
0.0005676138904350892,-0.008954029770350681,0.0018864179555887122,-0.7343091022137244,2016-05-12
-0.003111217629827424,0.0008275172451573227,0.0010142257620348776,-0.32002763905381204,2016-05-13
0.012024554128596992,0.009747656289059011,-0.010166323392353455,-0.4767373738578404,2016-05-16
-0.0020611976739035513,0.00010291298816889321,-0.004145735210764087,-0.17137428400862337,2016-05-17
-0.016121865497387793,-0.0170368925706227,0.014745219668237493,-0.6965937666939718,2016-05-18
0.0012661135439495496,0.004181240809667515,-0.004640373870267561,-0.6858199852205137,2016-05-19
0.00806766677180165,0.0032207232872972624,5.192812975155815e-05,-0.8350795460528668,2016-05-20
0.008844209308017542,0.007320287551178455,-0.009135505655637081,-0.05009596119877999,2016-05-23
-0.008362928282855028,0.00023649306639995926,0.0022257542159947984,-0.3596326404234735,2016-05-24
-0.002148938978053816,0.0019516382690519633,0.0040714145104173245,-0.6527662529512236,2016-05-25
0.0033899662570504047,0.0007799930808154174,-0.001215366510815154,-0.8018543408632863,2016-05-26
4.805493477794419e-05,0.002460619747710943,-0.0006162108719797031,-0.5394352147987327,2016-05-27
-0.00038804585424433873,-0.0041346312104999575,0.0034890468707711045,-0.06980051257060527,2016-05-30
0.03705929400182001,0.0031025351271420504,-0.011529180147008294,-0.2112734824079157,2016-05-31
0.0013368757037253759,0.005988164908870855,-0.008306846783612421,0.3512738398679467,2016-06-01
0.005527218900560254,0.007295471883144247,-0.005405519621051621,-0.24078376824173292,2016-06-02
0.005551081317466896,-0.0035892655322318904,-0.002987023161321255,-0.09925982214101073,2016-06-03
0.0004878368675969556,0.00343318330522299,-0.003330167413157577,0.5957397746452996,2016-06-06
0.0005576121997962775,0.004495756879805225,-0.002267459987444734,-0.0721579770992859,2016-06-07
-0.002275614417154682,0.0007715643564814158,-3.247975885861047e-05,-0.150266127811357,2016-06-08
-0.0362102543778976,-0.01433816779420366,0.01847293338528168,0.2086135078522001,2016-06-13
0.003992129086005438,0.0016640461401723873,0.00040846000757842685,-0.7950987069686115,2016-06-14
0.02164503807771335,0.013308868730545813,-0.014419154978056094,-0.4523005944019687,2016-06-15
-0.003297402806022526,0.005137149942483108,-0.0008236624724332218,0.026950429741313474,2016-06-16
0.005887278710112508,0.0028987359886911866,0.002245638847052688,-0.4254025236374362,2016-06-17
0.0018069246644032413,0.0014858577275929535,-0.0009522830208407492,0.13637183550127122,2016-06-20
-0.005176087987169993,-0.0032389953430344938,0.005308850176625525,0.04397813109497847,2016-06-21
0.011896059975739722,0.005433560315835069,-0.004821212407880655,-0.6096721808080413,2016-06-22
-0.0037508855610510023,0.0009647175876829049,-0.0029012086116988146,0.03223071334074293,2016-06-23
-0.010694779334820784,0.00048603053283559003,-0.0003962754460024604,-0.18271590585892883,2016-06-24
0.017723393040347334,0.00393118274355703,-0.010445810424466986,-0.08927152101578187,2016-06-27
0.007885152814610719,0.004698337344405975,-0.0070869243566821505,0.0618024935500124,2016-06-28
0.005138666237626262,0.0003579531502234494,0.0019542841136428062,-0.008603057830463586,2016-06-29
0.0008666482079573668,0.0002614236800618789,0.002736173731001449,-0.05085932143834862,2016-06-30
0.0006840464394688799,-0.0015290081629293502,0.0024157883530424376,-0.035179104861009614,2016-07-01
0.019337014700987393,-0.0004290996660749301,-7.737704157353281e-05,0.013149068912849435,2016-07-04
0.004837616748735354,0.0036565890444032363,0.001993403190404572,0.3158274446122745,2016-07-05
0.005030565443060406,9.128328839366154e-05,-0.0055937188396100665,-0.1029267167132551,2016-07-06
0.0018476451005673055,0.0015315916063785842,0.001472009818908453,-0.1398706813823297,2016-07-07
-0.0047522063490284885,0.002972895637250916,-0.0012051708573984554,-0.21790406033619136,2016-07-08
0.002216410228325277,-0.006213928036695943,0.003678567374835425,0.0686478833115412,2016-07-11
0.017695244275065344,-0.007163004330862942,0.0047059479960691875,-0.407597365781173,2016-07-12
0.006046088273030017,0.0011390818178509338,0.00035721766442340947,0.08831754766845498,2016-07-13
-0.0012975912554312227,0.004107548918421834,-0.0037450623302403277,0.2511108187588501,2016-07-14
7.596234507552182e-05,-0.0030419328314406236,-0.00011359558349742006,-0.06852631571493767,2016-07-15
-0.0034056303379670864,-0.00022941188172374404,5.7877491714017175e-06,0.07412270032612933,2016-07-18
-0.0009241087209352916,0.006920656510757869,-0.0031312228214004315,-0.32489371638898057,2016-07-19
-0.0017193684532836235,0.0044401458508248936,-0.0027682833206697432,-0.5267428360941194,2016-07-20
0.0042240288176169805,-0.0022803556564688554,0.00044397667751470797,-0.5460253296412918,2016-07-21
-0.008103802479451801,-0.0018697957229556125,0.00044031467435220496,-0.35713059441587197,2016-07-22
0.001773313077730889,0.0022063201546547446,0.004239157283700189,-0.2502563042398379,2016-07-25
0.01273979598497388,0.0006835096684813524,-0.002773682456207509,-0.33088255094786384,2016-07-26
-0.025233214806461526,-0.0219812018573349,0.01596709418745747,0.11518087442837223,2016-07-27
0.0011820221600936987,-0.0018160206344784405,0.006105842741510334,-0.6830542310390297,2016-07-28
-0.00519382107284592,-0.0018528222564935335,0.0024633341158280956,-0.43512569575615967,2016-07-29
-0.010551409262241277,-0.005743857717958729,0.00825282383978032,-0.22831038279449478,2016-08-01
0.006763795890379766,0.0051306108402864765,-0.0008494149481450388,-0.5667088998983959,2016-08-02
0.0031957846270257084,0.00489612130469763,-0.0009112254980503101,-0.46569783860598885,2016-08-03
0.0036667062304685514,0.0016737852621798062,-0.003046385210855621,-0.19474131598781186,2016-08-04
-0.0013156218931067636,-0.0010665930604971787,0.004914343325552844,-0.20481904314279437,2016-08-05
0.010993470502016767,0.0009302173468340481,0.003869375712379249,0.05924871580912794,2016-08-08
0.008375160286175722,0.0017802236776037102,-0.004912740188286934,0.3039191313811839,2016-08-09
-0.0025732117968018872,0.000699832432086002,-0.0018018640461551151,0.3001952519979036,2016-08-10
-0.00685706631544088,-0.0065615895667369,0.00739899333258619,-0.03328573099945026,2016-08-11
0.015600467233979232,-0.00042160510383884575,0.008954645937440346,-0.5067343547805094,2016-08-12
0.02562434025612542,-0.0028986069252981417,0.0015596382164273538,0.4117982048607253,2016-08-15
-0.0002970011400735941,0.008863231403726723,-0.007203077457204384,0.6246254671164627,2016-08-16
0.0010367037829314728,0.003857722694112983,-0.0028473126123709997,0.030717920768647933,2016-08-17
-0.0006729791343718845,0.00348175158698206,0.0025806807040525195,0.008938942619734519,2016-08-18
0.0019214835557688876,0.0020565570579865675,-0.0002555505513438406,-0.2798014438419903,2016-08-19
-0.008438921988963568,-0.0014113586563278893,0.0018601309877775904,0.2611677147068579,2016-08-22
0.0019265599233604434,0.002029093618631014,0.0028450366801136273,-0.5514422722920025,2016-08-23
-0.0006226341138535405,0.003947848646178843,-0.005179482188299143,-0.40634652701336993,2016-08-24
-0.006308822048109383,0.0021431635334741763,0.00028772456267617524,-0.7246163337929422,2016-08-25
0.001015378020114723,0.0029738031827892747,-0.003794984086984928,-0.5915551169267171,2016-08-26
0.0013599876709222912,0.0034513458012037567,-0.00021437519081871602,-0.027217587441041746,2016-08-29
0.0016564531701772933,-0.0002214116791683868,0.0013669280258730313,-0.3609497934454716,2016-08-30
0.003488108237905193,-0.0013385074740515858,0.0025023519958425632,-0.40353382332433085,2016-08-31
-0.00765633051294546,-0.0001299930011311179,-0.0014999123890351886,-0.37550095240173337,2016-09-01
0.0002288548105553402,-0.0009239292085840641,0.005746650824117244,-0.6015386656890517,2016-09-02
0.0034662211306352607,0.004224269839049297,9.636246681451154e-05,0.013653182327323599,2016-09-05
0.00908980051760984,0.004617844139659211,-0.004571318237685798,-0.36778449590374007,2016-09-06
0.0007145510817623383,0.0024841903033478397,0.003213539463011593,-0.07654391874516481,2016-09-07
0.0017996816919449055,0.006418208861877855,-0.0006063999351474938,-0.31282359733236437,2016-09-08
-0.005751918681440346,0.0013307395418876182,-0.0006479031525056687,-0.3460564940865866,2016-09-09
-0.02193758360012188,-0.007207701853585144,0.008303378681986138,-0.5582926675781298,2016-09-12
0.0029069876245290706,0.010069362856088481,-0.0015454772670873244,-0.8448001210432653,2016-09-13
-0.006550834008635288,0.0009472694748111285,-0.0013520828545366473,-0.8066985969550027,2016-09-14
0.009402963081063866,0.004528165730583978,-0.003125599271523555,-0.0013279093954564058,2016-09-19
-0.0005725901667682557,0.0033310498936064666,0.0016191457913291517,-0.12718695566975094,2016-09-20
0.0022321656881059988,0.0010128715446296574,-0.0004252884000521171,-0.5436362571611926,2016-09-21
0.007022292714205892,0.0005336698532703264,0.00023172996662258402,-0.1674098988245321,2016-09-22
-0.003132265898532796,0.0013310554324292051,8.716385785539384e-05,-0.3320221099667362,2016-09-23
-0.01861411633292935,-0.0015278757228470614,0.006663141580931578,-0.41030050990834466,2016-09-26
0.006855714715638714,0.002544511319294263,0.00018022560137821025,-0.9093821166043639,2016-09-27
-0.0022720469547320523,0.0014945966565048463,-0.0010264640386960153,-0.2619568831859289,2016-09-28
0.004299257780860129,0.001660447329263814,-0.00019407995421573572,-0.4096947545500832,2016-09-29
0.0037057004742115252,0.0014159768653134591,-0.004771864734288736,-0.08119436018757986,2016-09-30
0.01578024695536198,0.0038318597810043965,-0.007120496347776116,0.7513743606656136,2016-10-10
0.0061187969562323625,0.0036916498909045766,-0.0024806177302592117,0.47545367619340895,2016-10-11
-0.0008162297803503311,0.0036555923946613093,-0.0014204490847328556,0.2926461600850665,2016-10-12
0.0013244684863872225,0.0031748339228120596,0.0022593668335192,-0.0737872097429561,2016-10-13
0.0007489325686195964,-0.0007518262930446387,0.0006838930003134228,-0.157522467967599,2016-10-14
-0.007771083619510945,-0.0011649964916862106,-0.0010027061983423468,0.38501829266108006,2016-10-17
0.014889186947313232,0.0028980807781241492,0.0013477466216008649,-0.6474856201105827,2016-10-18
-5.4604775266171634e-05,0.002951530732367009,-7.612547820633024e-05,0.29210112835909013,2016-10-19
0.0011480958852645375,-5.725880014940065e-05,-0.0006791851766015781,-0.057191165806025596,2016-10-20
0.001074615590455482,-0.0025706432916518737,0.004895135172796835,0.050533139076040595,2016-10-21
0.011580308366253025,-0.00014929279772845326,0.002604806714888646,0.20193536481069563,2016-10-24
0.0024132985563980816,0.004336903733857488,-0.002060327170135234,0.24251892427247168,2016-10-25
-0.004078646306389251,0.0015356794891221912,-0.0018071429558592633,-0.07073956785721877,2016-10-26
-0.0016217962927235446,0.0036106920300030144,-0.0017579993164171905,-0.4302433261214209,2016-10-27
-0.0046199139174537,-0.006152027773016579,0.0022801409803642515,-0.03469995944655779,2016-10-28
-0.00045439734036017607,0.0016065291738195033,-0.0010269865719192586,-0.12509589893475465,2016-10-31
0.008232339099073806,0.006339670623100048,-0.003935120966058242,-0.3693810100900329,2016-11-01
-0.006805737168301377,0.003574662109895859,-0.004595710109353583,0.08902626225226323,2016-11-02
0.0085104265366648,0.0034669735700069964,0.00463754958498014,-0.77068570746107,2016-11-03
-0.002390361122074955,0.0035506178032930855,-0.0010835552006728585,-0.1297258027124769,2016-11-04
0.002442593671419983,0.0025944091446948904,0.0053963194903400725,0.1864494106132316,2016-11-07
0.005321739915048113,0.0012850471185566316,-0.0029348031707606336,-0.033428136159597915,2016-11-08
-0.0057540971839974775,0.0019492527234451938,0.00012276674142050643,0.024395963481905217,2016-11-09
0.013472959906347441,0.008156213527717098,0.0013612359824520665,-0.21427999960951938,2016-11-10
0.008038775704059207,4.587190617776418e-05,0.009836704148257675,0.056318897599878494,2016-11-11
0.004266054494043798,0.0005856499636875245,0.0049291227754169765,0.44317512155765504,2016-11-14
0.0010245292440321952,0.0033231553577968195,-0.00605863147642764,0.2045025660024561,2016-11-15
0.0005342447842302425,-0.0015464427937808408,-0.0028171731760262713,0.3191683406130354,2016-11-16
0.001240091797129807,-0.0010589087004958828,0.006495185142544005,0.07512360974270377,2016-11-17
-0.004595494355350003,0.004175963706167258,-0.002327938624222186,0.27207785353513936,2016-11-18
0.007045190869558541,0.0025678815026514467,0.0054114912440098835,0.11368362220983597,2016-11-21
0.009662183790151319,0.0028526704061837983,0.003950800048958038,0.05959791712425713,2016-11-22
-0.0015356082373357482,-0.006383325846846224,0.0015034684949952934,0.35833249958834634,2016-11-23
0.00035095454419856956,-0.005038915408603329,0.006331620517536408,-0.09743943323592905,2016-11-24
0.006361295859165881,-0.006145611320193865,0.0045233695016374635,-0.04174353125947877,2016-11-25
0.004823304069871202,-0.005957301586003208,0.006264971086961084,0.7364280194966247,2016-11-28
0.0010776008556966656,-0.01706017289722725,0.005560523413267663,-0.19594599116884606,2016-11-29
-0.008879222814544474,0.003017028777364309,-0.004111135360944021,-0.3023507219076194,2016-11-30
0.007786855333665883,9.30165978370312e-05,0.002900095336106287,-0.06411628151343424,2016-12-01
-0.010271794952072234,-0.007178529655751491,0.004057760531848885,0.1456257363106717,2016-12-02
-0.01172280206262465,0.004313174708629292,-0.004905051415123195,-0.13822848992543119,2016-12-05
0.00030792062566748716,0.004587318173416448,-0.0076828007926008,-0.3471708434709205,2016-12-06
0.008229584132707163,0.006166879867925145,0.001796075269888767,-0.4419039869656763,2016-12-07
-0.002270107627561639,-0.0019123165153252688,0.0009450131957813111,0.24256566051283596,2016-12-08
0.004793860370032172,-0.003206712953799732,0.009381336980474969,-0.38926139228726453,2016-12-09
-0.030166207046097557,-0.02165297836575058,0.01692534373331729,0.31655939634954305,2016-12-12
0.0027726002054939878,0.003944006433466923,-0.0015776022784302571,-0.8944655636280844,2016-12-13
-0.005061611666921661,0.005096946146046927,0.0013074339144665157,-0.3712189598720868,2016-12-14
-0.00391523864927115,0.01512897723868585,-0.009756254547449536,-0.4893922208963586,2016-12-15
0.004149891069427538,0.008531428568908206,-0.006772432968678677,-0.7483193456322562,2016-12-16
-0.0013367549607914589,0.006461270059693533,0.00538711656259098,0.11216099554657025,2016-12-19
-0.0046545189640838916,0.0019699146769004763,-0.005815388438479141,-0.4976209505218335,2016-12-20
0.010584515155505753,0.0017202476708650834,0.0015123244931106953,-0.5956239081641497,2016-12-21
0.0011942944954020048,0.0017105585086125417,0.0020612836831176724,-0.0889700039664175,2016-12-22
-0.009161775048707223,-0.005272886893688622,0.0017285448686065498,-0.37172407411236796,2016-12-23
0.004558394852983092,0.0015182825796250096,0.0007673677709803583,-0.4094794070344414,2016-12-26
-0.0011278185438869989,0.007362975920516783,-0.0020023978729683373,-0.2049776437980597,2016-12-27
-0.0035411343426590518,0.0007292409791815478,0.0006061601287341988,-0.22465996905587438,2016-12-28
-0.0021359679094709737,-0.0005636591202457329,0.0017261541912083427,-0.7570408274280529,2016-12-29
0.002595569905837379,-0.001897041740935569,0.002613104347755956,-0.3486139080345957,2016-12-30
0.010926280149205402,0.003008300175473157,0.0034881722879084136,0.4503232029813758,2017-01-03
0.009459468826369178,0.0013697341112668005,-0.005028643106731746,0.3094737249603744,2017-01-04
0.0024454926008526273,0.0015520805176573362,0.0034437684360265584,0.3577680324971539,2017-01-05
-0.0034061359802017785,-3.016536481578215e-05,0.00706614976898349,-0.016127982422115578,2017-01-06
0.006196091953330462,0.0020068689574198008,0.004226780970143895,0.0743888606921139,2017-01-09
-0.002412749132347751,0.0003986634492963914,-0.0007114876466430575,0.15352304139340509,2017-01-10
-0.008147133698145044,-0.004297631280366402,0.0019324691020978398,-0.32726186609747027,2017-01-11
-0.006371441293630064,-0.0018493039675494208,0.0023702404327679265,-0.5610591282855087,2017-01-12
-0.004710729478143926,-0.013627262493640217,0.00812764950992361,-0.8345016974385978,2017-01-13
-0.010506515706591685,-0.03188733518138133,0.021098528475377864,-0.2541881572869943,2017-01-16
0.004559400770063582,0.005651104471028647,-0.0072932865730070285,-0.7478720744293071,2017-01-17
0.0024021566267946573,-0.0035306830455186095,0.004107294252132215,-0.5063141441377745,2017-01-18
-0.004441501286948387,-0.0005750523382959142,6.648504044981692e-05,-0.27681267946754273,2017-01-19
0.009128662573240569,0.007253663459778931,-0.0038825436596493183,-0.54017220524444,2017-01-20
0.0061928442705637835,0.005414110647212481,-4.9367902809118944e-05,0.4085679090262066,2017-01-23
0.002096706951808917,-0.0026125337406302167,0.007426807244516996,-0.07405623551810425,2017-01-24
0.00227572952364401,-0.0008195533515750854,-0.0013440123486798917,0.028599277237141257,2017-01-25
0.004048791467431453,0.0002707847274075782,-0.0017370413903685005,0.3135070383737615,2017-01-26
-0.005273730109921693,0.0010247544811651395,-0.004950087449670362,0.632554182487302,2017-02-03
0.0060486612070834896,0.007023482235992156,-0.0021962754206505727,0.03821054681504682,2017-02-06
-0.00010252783238845389,0.004527720192506929,-0.0010009982846241564,0.17850204642241183,2017-02-07
0.005007665014163623,0.003399663729092897,-0.0007013454525053543,-0.17800955693981912,2017-02-08
0.005642943817043467,0.005329800706182863,0.0010243780722893284,-0.007569545166886793,2017-02-09
0.003940772815612493,-0.000622233593658271,0.014094936792534849,0.3955274775359728,2017-02-10
0.006685103443618294,-0.0009203810191551805,-0.002699721838159602,0.47098288999884846,2017-02-13
0.000510694234597403,-0.00023046165727162076,0.0029280398744491775,0.2591839993925168,2017-02-14
-0.004297079259875613,-0.0033774959508021908,0.0024073209014956864,0.16162734371756626,2017-02-15
0.005805746700487259,0.0038348936028825198,0.0038689939964766506,-0.26487418310851607,2017-02-16
-0.007300549352924755,-0.004455355302080358,-0.003054775280871858,-0.11141334054926708,2017-02-17
0.013048479259649439,-0.004224897905534562,0.008048273880173776,-0.007223862820474158,2017-02-20
0.00507637327199616,0.003569327425988359,-0.0029669086420614343,0.26127928077979806,2017-02-21
0.003988440537782781,0.001761066216727742,0.0015136907444005115,0.29701393717014013,2017-02-22
-0.003674049502016071,-4.678362537296988e-05,-0.008355618573591643,0.05360384931616258,2017-02-23
0.00011618598534630286,0.003359184827064699,-0.004370315011338421,-0.04713999602618352,2017-02-24
-0.008018204553174115,8.874520436827175e-05,-0.0028200846410250027,0.6444590371931722,2017-02-27
0.0036775343624647888,0.0012859375418087255,0.0009922830041538457,-0.39328678631554365,2017-02-28
0.0022131978596554597,0.000161130364375497,-0.0007922053543196225,-0.043161622796907634,2017-03-01
-0.006277049925118454,-0.0024056634484080457,-0.002456757160627673,-0.08180351833339322,2017-03-02
-0.001609601538427235,-0.000775979692147072,-0.0053864723773478645,-0.4781197165223473,2017-03-03
0.006610874045430896,0.005270387585013643,-0.0029335138803680046,0.15683811803535228,2017-03-06
0.002477208434359503,0.0005784583832257988,-0.00372253163005642,0.2797926351807442,2017-03-07
-0.0015296574423186806,-0.0015071909130529035,0.0004157333291350948,0.16350062570594717,2017-03-08
-0.007908580114216326,-0.0005108734459493783,-0.003211597762258255,-0.0973585121090356,2017-03-09
0.00020918921789320568,-0.0015936002478803843,-0.003092436968640278,-0.3730113643408014,2017-03-10
0.007694014687909736,-0.0025676383527244093,-0.0001483815046034306,0.01404534657570955,2017-03-13
-9.246128027320515e-05,-4.661870663058478e-05,0.0012078057730825053,0.2343304561443403,2017-03-14
0.0005855033475296709,-0.002253474975382536,0.0012093466408594968,0.1567373777824427,2017-03-15
0.007645331437882926,0.005879681482883801,0.000548476566900772,-0.06559153995916868,2017-03-16
-0.008978486607144886,0.0007872357700887322,-0.0029213563611379632,0.21275241070999554,2017-03-17
0.004029462671422755,0.002080168310861211,0.00038496663079476846,0.2805566028567423,2017-03-20
0.004252786623515822,-0.003907172075267482,-0.004044503643276445,-0.1762770338570633,2017-03-21
-0.0045311765979467586,-0.0026504235620061663,-0.005118149789716885,-0.04329856745466673,2017-03-22
0.001600163654760337,-0.0020987843698285296,0.0022621755797054563,-0.47695311357631487,2017-03-23
0.0066974826263735765,-0.002060341267410624,0.0055310387825885645,-0.23578051583048,2017-03-24
-0.0020080617477979557,0.0026299962296810575,-0.0007647710520196799,0.3489020010023182,2017-03-27
-0.002730299852280395,-0.0002911244392956075,0.0009837293562396194,-0.004744466576639406,2017-03-28
-0.0015153643880779092,-0.006058707710758938,0.008884459390476359,-0.042466460714290444,2017-03-29
-0.010795682638175626,-0.012391998480673235,0.008385373795495933,-0.4553027296825944,2017-03-30
0.004809329906744355,-0.007595347442830912,-0.0032056639214054134,-0.6460255854153935,2017-03-31
0.017550890670134257,0.004724020605704097,0.0006812182301124368,0.8198339396665689,2017-04-05
0.003893263622061635,0.0007614309202785565,0.0024627442287568947,0.673619538475207,2017-04-06
0.00224472713301654,-0.0022904676555337558,0.0014301059410068355,0.4509703398172156,2017-04-07
-0.0032928865162647706,-0.006799883111455558,0.012327941653054142,0.5821460793606551,2017-04-10
0.006828271803118712,0.003971801444322106,0.004645991326315713,-0.1590363206017068,2017-04-11
-0.0032955681738505364,-0.005367895167919929,0.0018206490648088576,-0.290439586774004,2017-04-12
0.0023240438237499077,0.00034914984479373756,0.0004614830984795209,-0.31290963157614,2017-04-13
-0.010998179944112209,-0.006950850590472981,0.00020542375984344136,-0.03898254737656287,2017-04-14
-0.006958274415142264,-0.013568437147231847,0.005262524766121081,-0.2913188428273137,2017-04-17
-0.006203890070929223,-0.010153348331243688,-0.004358872608729126,-0.46719578252127975,2017-04-18
-0.009735564480223922,-0.0072378424908406645,-0.004776371506582928,-0.6999958692382984,2017-04-19
0.0011353384417284737,-0.012452371948912907,-0.006740533708948141,-0.5250720980962811,2017-04-20
-0.00023882667468176145,-0.0017227436715408556,0.00595164559501484,-0.45795493108342233,2017-04-21
-0.017703840073407,-0.018852654002465788,0.004530688821329693,-0.09394922687863982,2017-04-24
0.0037412070144358456,-0.0025557770331208745,-0.006336243609337002,-0.7533889628115112,2017-04-25
0.0029477960323124022,0.003163748934765113,-0.0006999310261647557,-0.33520840461913226,2017-04-26
0.0028659977959424976,0.004675242862393344,-0.0018248079084910453,-0.4152661516495655,2017-04-27
0.00166804387825254,0.010088213874987283,0.0031625054223568504,-0.2612577163132628,2017-04-28
-0.0022365433570384367,0.004794061149350309,-0.0013536052985841504,0.3391531605195355,2017-05-02
-0.0033112742157503337,0.003079304826266032,-0.0036309618357692293,-0.25016219571563897,2017-05-03
-0.002499688073065669,-8.30067138443049e-05,0.0017333639126470186,-0.6271173822515684,2017-05-04
-0.008884600135002238,-0.004986688232883134,0.0010223375442168295,-0.6093591697374807,2017-05-05
-0.011381641605464374,-0.009165315954252549,0.00659311308561461,-0.42965527798597697,2017-05-08
0.001986453731633326,0.005428989961496732,-0.0016405772805340411,-0.8656072930638542,2017-05-09
-0.009761576888376667,-0.01047448942003504,-0.0028367944639299102,-0.46576087367037616,2017-05-10
0.0027547401674588986,-0.012573223126595404,0.0027737939006626275,-0.8201079196396159,2017-05-11
0.00588679642238128,-0.0055753696135801365,0.006994443096303456,-0.528637564254932,2017-05-12
0.00410565085391533,-0.004202774381880579,-0.0021999265798465575,0.03373733366759435,2017-05-15
0.011757766033212488,0.006551529603575176,-0.00939601417239225,-0.19928034059921462,2017-05-16
-0.002255764163361033,0.008552358922410278,-0.0009644358699421947,0.015513567205943879,2017-05-17
-0.004390251934481252,-0.0028610697962572684,-0.0007037633572966988,-0.40058397813423896,2017-05-18
0.0014427565058892171,-0.002766625959879785,-0.000245120888292281,-0.5507686014924758,2017-05-19
-0.004525092362406372,-0.020629594875720202,0.005720988113339553,-0.03466832219125232,2017-05-22
-0.005664819299416859,-0.029762244872461374,0.007537148985122737,-0.8894563708875899,2017-05-23
0.001738767401862067,0.0036699821193979703,0.0010181032062245073,-0.7706674639864065,2017-05-24
0.014845580638488287,-0.00038717377377883895,0.014358941435519664,-0.49904589194773674,2017-05-25
0.0002335252262119507,0.0032340629406665644,-0.000524876625379575,-0.022117728653333724,2017-05-26
0.001842868756444774,-0.0033610370928287983,0.0031255113640704605,0.3794357194136316,2017-05-31
-0.0057753395216119914,-0.025205382526413384,0.00834747981871139,-0.4413116549916767,2017-06-01
0.0021571674562218548,0.012735360106909614,-0.001238305095707013,-0.7400831890772879,2017-06-02
-0.0015483926867267627,0.011013087754697943,-0.0057969598396500534,0.08667848971500142,2017-06-05
0.005430419083944619,-0.0029364550389633223,-0.004633467483611017,-0.4207885028396642,2017-06-06
0.015625612175344673,0.008654646838048806,-0.007638150955298947,-0.08662037745510637,2017-06-07
0.004694383317992943,-0.006503897347007964,-0.00502936195356786,0.3682994144560183,2017-06-08
0.0036146489624848226,-0.0021163272584743937,-0.003041175661179111,0.2818797757185519,2017-06-09
-0.004947094053353256,-0.013919636427378175,0.0012724416602587375,0.2055403949458658,2017-06-12
0.006732102411141794,0.008734985448567007,-0.0065441797800010245,-0.3268178961760798,2017-06-13
-0.0060621266152316375,0.009281981631159019,-0.0019570270583292096,0.08297360271779947,2017-06-14
0.0017567760784638208,0.012512027082556222,-0.002515745504330474,-0.3165596840266664,2017-06-15
-0.0013650965610590379,-0.0011695603755702904,-0.0012702793320769335,-0.1405375806120548,2017-06-16
0.007737369712888409,6.8981079010353025e-06,0.0014917683271024398,0.01838551084883655,2017-06-19
-5.4346991861131894e-05,0.0010425236360355064,-0.00015758695395739136,0.3280297314049586,2017-06-20
0.007055284297201936,-0.010268434038900084,-0.003881860755249265,-0.04963127857190136,2017-06-21
-0.004312847419237233,-0.013199743556526523,0.009305476784062983,-0.04603503374304291,2017-06-22
0.005611073974372571,-0.007459720348757775,-0.0015382167601658936,-0.3553293849952114,2017-06-23
0.012186565078537475,-4.665547703586875e-05,-0.002104761115721946,0.028384040067084115,2017-06-26
0.0018505806599785242,0.002481970167172694,-0.00035740169189489796,0.09604977745932977,2017-06-27
-0.005901774075051753,-0.0011164989091763163,0.0036806457037135924,-0.05305471287417518,2017-06-28
0.0057396522101292435,-0.0006817965960851163,0.0010518242916642273,-0.3633989544736749,2017-06-29
0.0017805915997797116,0.0009600656625842739,-0.001972041977182847,-0.1346445745572562,2017-06-30
0.0009508103248946226,0.01125539994982797,0.003655765114340034,0.30775928390618296,2017-07-03
-0.004468477352169138,0.004750065087872773,0.0011622635681366664,-0.07572845840257766,2017-07-04
0.009500283866852505,-0.002028906358993842,-9.252922913448834e-05,-0.5118675437657131,2017-07-05
0.002053141061726341,0.0007796116211016982,0.0020817766310995247,0.08339024302660708,2017-07-06
0.0013442507647252859,0.005759212796816082,0.001168537032686366,-0.33823705638921253,2017-07-07
0.000595681080884354,-0.0046386020127840944,0.008934349795348032,0.1874565985298296,2017-07-10
-0.000256002234488163,-0.011443401635992763,0.003536370934509105,-0.19486826459695897,2017-07-11
-0.001911739466292087,-0.0013462115716626737,-0.0015948784413021906,-0.40906764460877953,2017-07-12
0.0075460687441890155,-0.002433447524098644,0.010612155444389712,-0.3496318412539335,2017-07-13
0.0023816880786150393,-0.006995943404005394,0.005305839175801596,-0.11931782716208744,2017-07-14
-0.01890833371750901,-0.03682281642004851,0.018572740403849756,0.19507049384102004,2017-07-17
0.005082315004777625,0.008544137558494893,0.001668677789888988,-0.6003189348245346,2017-07-18
0.016979886624333685,-0.0012779432978847864,0.0037956765752823907,-0.3498333715930966,2017-07-19
0.005859926629866298,-0.0009959940777157766,-0.003672812152580804,0.1261070930675469,2017-07-20
-0.0006249741336765984,0.00042555552041842785,0.001674401403531841,0.11830675484685849,2017-07-21
0.005200819907939242,0.0029139404890174848,0.0023007956195539954,0.2830899563655242,2017-07-24
-0.002740317843108773,0.0009965432016065942,0.0013125135788390288,0.2963067934259964,2017-07-25
0.0002631869495879134,0.004890677115742734,0.007344050185684477,-0.45003461898802694,2017-07-26
0.0019120709553578125,0.010429767694662435,-0.00758721116648842,-0.5851451043794662,2017-07-27
0.0031208036628989364,-0.004069596823854406,-0.0030683686679832517,-0.1558405704185951,2017-07-28
0.007148507997738932,0.0026197827934221814,0.0055783472585873885,0.4445697284540822,2017-07-31
0.005871627198867618,-0.003602975224314625,0.0020766648301538716,0.1101766550646795,2017-08-01
-0.002904411767052863,-0.006421106287565155,0.00390772461470558,0.09559583618864309,2017-08-02
-0.003766292348840081,0.009827718046027696,-0.0010823480978207566,-0.39853523536817753,2017-08-03
-0.0034051978468009948,0.0016724148265318626,0.005566421703797663,-0.1661874163776112,2017-08-04
0.007250476574956282,-0.0007437684630069562,-0.002994131776500414,0.1715630870249412,2017-08-07
0.0009920932222425116,0.0008583870888825415,-0.0017088101470067501,-0.14365298752493816,2017-08-08
0.0007957976699412483,-0.0007949730303713552,-0.007708023956863296,-0.3080555669247251,2017-08-09
-0.00523674171142391,-0.005620729329116585,-0.0018274506279827522,-0.41316305256197794,2017-08-10
-0.017928569716660764,-0.0009386926081825821,-0.007713385005871192,-0.5785464230437818,2017-08-11
0.012789740530517017,0.002728450256556294,-0.009704743828736003,-0.3894461190162213,2017-08-14
0.00413166954483549,0.00042669223659725763,-0.0006874716855870735,-0.12241971201251489,2017-08-15
-0.0008693824079474244,0.007342943957930206,-0.0027064006423960603,-0.23439069779721017,2017-08-16
0.007096253178809218,0.003645927175780569,0.0047647977624901625,-0.009499355684739086,2017-08-17
8.989714070030733e-05,-0.001753862072446804,0.0034585036611660255,-0.0008422151768016639,2017-08-18
0.006712791701781001,0.002517189014357454,-0.0011869291721932152,0.38707089034033976,2017-08-21
0.0003634894585528561,-0.005304150642311613,0.0010982163154677769,0.22149236198801678,2017-08-22
-0.0014718909791027,-0.0021771087379204887,0.0005997770975278913,-0.15517333001494363,2017-08-23
-0.004934334939292064,6.246324419646211e-05,0.00025118956788876094,-0.5934315083462376,2017-08-24
0.016570884942246077,-0.004694436026026594,0.0065271769920886066,-0.7424991563923812,2017-08-25
0.00990233703453531,0.0019418214577380955,-0.002132198212540761,0.33044185939419857,2017-08-28
-0.0004605236808128817,0.0020235045721539655,-8.511347385988617e-05,0.04698306270861376,2017-08-29
0.0015803138552474918,3.097377249752179e-05,-0.0022345845709596385,-0.10365780747912134,2017-08-30
-0.0016119275172199958,0.006453880753478199,-0.005282958970914309,-0.04189895079164664,2017-08-31
0.0034070508457722313,0.0025653638438003154,-0.0029132980702981414,-0.009025425139652876,2017-09-01
0.00563221937362599,-0.0022295541678045063,-0.002423287495918873,0.39138806952534355,2017-09-04
0.0019182262462389417,-0.002159030091623158,-0.0015124530915224632,0.09362186520564117,2017-09-05
0.0010222522519393372,0.0023615082433872956,-0.0013414286615758208,-0.10822090477560259,2017-09-06
-0.005531417224050366,0.0038404175535318736,-0.0027363911697795614,-0.05546421635697327,2017-09-07
0.0007053160790544326,0.0040449525990384734,-0.00120642021985783,-0.45908552540667247,2017-09-08
0.004469793171030442,0.0047133948053125485,-0.0035749714468636604,0.1785005258600684,2017-09-11
0.0020118908911568438,-0.0056223932764124,0.0021414436409574076,0.10396319009232827,2017-09-12
0.00288936439205516,0.0018859418045253963,-0.006288784665056335,-0.38587530413117366,2017-09-13
-0.002601799259924736,0.0037599381838472846,0.0011040756509161946,-0.22226668933138077,2017-09-14
-0.0035686057621385978,-0.0005829189872760161,-0.00016813173759051185,-0.5125881889415767,2017-09-15
0.004371643431614688,0.0010554350624491678,-0.0035197637323803738,-0.10949846860069631,2017-09-18
-0.0026385653299989768,0.0009983669269586696,0.002914845858034615,-0.08298104280659638,2017-09-19
0.004716467180031929,0.0022701316269977,-0.0039131977904455955,-0.5683558910418649,2017-09-20
-0.003255790730903989,-0.0045404929036860124,0.00279451168689083,-0.11470894543067611,2017-09-21
-0.0017648599521965969,-0.0027343527863794275,-0.001029882363173229,-0.3375767935777986,2017-09-22
-0.005100341623600056,-0.009614299644321998,0.00011721509126435929,-0.04494261896984064,2017-09-25
0.0024502835211460284,-0.0029661369154422223,0.0015143870741271834,-0.6088439865804781,2017-09-26
0.0027091199120911577,0.0031657967084143604,-0.005772495202248722,-0.37480882367512547,2017-09-27
-0.0013440220856650328,-0.005373087667377481,-0.004689638756049457,-0.11509345867100193,2017-09-28
0.003991842225984638,0.004678521985829709,-0.002524094087711176,-0.3667887116205536,2017-09-29
0.010635996840927194,0.00041247676815886307,-0.002604588567663862,1.1000828266227822,2017-10-09
0.0031276780539342738,0.007543394648840945,-0.0028976874618705855,-0.2068835434365944,2017-10-10
0.001992428449554448,-0.0025091566167900906,-0.002925174920260325,-0.031467244468721456,2017-10-11
1.5546390424330306e-06,-0.0038987260573148407,-0.0015042979525913625,0.14488045519869377,2017-10-12
0.0025336673820550494,0.002090121438990689,-0.003276387906327644,0.05983300899255767,2017-10-13
-0.004598013078325747,-0.01789261260214106,0.004318067717525895,0.6726784602813826,2017-10-16
-0.0011111213766995505,0.0022317269886298393,-0.003135839073073376,-0.2094745327348529,2017-10-17
0.0030076324309083052,-0.013492990383598927,-0.000866525385057655,0.5398010705722027,2017-10-18
-0.004656438780291508,-0.00920251809697141,-0.005051964421627659,0.23212010933077165,2017-10-19
0.003296209179680512,0.011500410837247146,-0.0002681423222501665,-0.07500387615762288,2017-10-20
0.00224862890891711,0.0039879080856654045,-0.004410192427658768,0.4993133313417214,2017-10-23
0.002759122956901958,-0.009240061879109458,0.002760560446057175,0.14704445522409282,2017-10-24
0.004173898052888863,0.002814270266100315,-0.004622612541048669,0.5122305608049795,2017-10-25
0.004085020425009683,-0.0023314392102851446,-0.005670017866490886,0.5627102328465423,2017-10-26
0.0026013761148174267,-0.009130389222314328,-0.004478316109471868,0.5767997441462207,2017-10-27
-0.007634976383147753,-0.020837671287194288,0.0033766963792179264,0.4618256839053631,2017-10-30
0.0022069299719469407,0.006233328623740346,-0.005972206257146867,-0.11819570318065625,2017-10-31
9.08766770657182e-05,8.811387298593442e-05,-0.002556838882948193,0.3389305671523883,2017-11-01
-0.0038818665197620904,-0.009513853448238045,-0.0034484850732007704,0.23183039616334228,2017-11-02
-0.003973980635186023,-0.0062785649102712615,-0.0026990517327660285,0.10051621750349288,2017-11-03
0.007783794602866262,-0.0025833947770015995,-0.013620413529807425,0.11674856570666867,2017-11-06
0.007934065046612305,-0.0024225217239085195,0.004491848089492423,0.2915846309989039,2017-11-07
-0.00017176471596640024,0.005398707181357231,0.000918239074449094,0.6320380211558164,2017-11-08
0.005665789813360705,-0.0021205634161819246,-0.003290030608909207,0.29958747788623435,2017-11-09
0.0038429395434858944,-0.008436073043162552,-0.012307325889981645,0.5104629693267656,2017-11-10
0.00459187384427063,-0.006431959783858529,-0.002085844391574397,0.37581343518782173,2017-11-13
-0.005985159706528014,-0.0008100692159772743,0.00572847606177662,0.1327061382859473,2017-11-14
-0.007663649475836569,0.0023865190929264505,0.004408427349025832,-0.2895963614296065,2017-11-15
0.002504840109679562,-0.009742028220926064,-0.008035578813780309,-0.1330144381428034,2017-11-16
-0.008037749370860672,-0.02851512779136719,0.01680148876640451,-0.4732780089729516,2017-11-17
0.005955388272559049,-0.00855862523413057,-0.0037528844452115835,-0.26575692112571064,2017-11-20
0.009250425036109847,-0.011478024649029622,-0.002115679729553289,-0.16210461227967088,2017-11-21
0.004119973316025348,-0.0019325878722023142,0.014096848427460652,-0.1692887151095258,2017-11-22
-0.0253141758399541,0.008266430918370139,0.012466797765912321,-0.14615216815228832,2017-11-23
0.0011284922241636154,0.0025204828940360146,0.002516230825334431,-0.8319480609341423,2017-11-24
-0.010988060012231318,0.0029540660581579715,0.0077434582263899085,-0.05268639958104249,2017-11-27
0.006200453575901899,0.0035906833203221897,-0.01023899440190965,-0.7362215707249088,2017-11-28
0.0017097568680299088,0.003449810612418382,0.009614542089598502,-0.4907717504475873,2017-11-29
-0.00792323280802712,0.007869267561029007,0.0026988877082138873,-0.6147009482446021,2017-11-30
0.0014922229541406418,0.0059855615326243755,-0.004097146604389685,-0.7996328115867681,2017-12-01
-4.937194492669292e-05,-0.016303686035738466,-0.0012018896207060979,-0.09149533798761553,2017-12-04
-0.0043884276838385555,-0.024273498623659254,0.009175303160021204,-0.5133835392207294,2017-12-05
-0.0013450263833699693,0.010784202222416333,-0.004293912297293298,-0.8048549132402628,2017-12-06
-0.007781885119498688,0.009072507979662015,0.000770309860516568,-0.7290362928029863,2017-12-07
0.007742372922932964,0.001606164304577334,-0.008866601892510213,-0.7055237252159033,2017-12-08
0.013188423872638178,-0.008592331885713959,-0.01276276799743118,0.021394146203094058,2017-12-11
-0.011244679196775841,-2.4816984399881475e-05,-0.00324789542821125,0.18691908851655747,2017-12-12
0.00790464825069908,-0.002152576759509534,-0.006337831878036269,-0.5603678224055356,2017-12-13
-0.0029037472905548327,0.005423012109604697,-0.0015337820955776643,-0.18328984374295376,2017-12-14
-0.00829923323312574,0.009102127552012692,0.002486277679363611,-0.45024554510333187,2017-12-15
-8.13366339570199e-05,-0.004443588035190578,0.0012266464597386216,-0.3488226846228629,2017-12-18
0.009559358392642757,-0.00460356066087885,0.00026222254754862655,-0.37783311185364854,2017-12-19
-0.0030455992455467704,-0.009463674092321791,-0.003571065614906228,0.01636508333775355,2017-12-20
0.005780861829834347,-0.008462632623975444,-0.005481426877344023,-0.5477214580903866,2017-12-21
-0.000887474145693267,-0.000781357943680756,0.0008829220009177654,-0.1476648436238599,2017-12-22
-0.005314928693261282,-0.007463217503171155,-0.0010673746958281306,0.22160270071836444,2017-12-25
0.005686000551997274,0.005422322509841863,0.005003105748011171,-0.6048573469939654,2017-12-26
-0.009421451186266935,0.008731542747099197,0.0074823030101652185,-0.1416137544745036,2017-12-27
0.007081009246728917,-0.005181814696350147,-0.007629330337190387,-0.7250932417638137,2017-12-28
0.004731662575636803,0.0032431695244066116,0.0010555810219322632,-0.11864937702103295,2017-12-29
0.014033538881311996,-0.004413499828869042,0.004524574064476761,0.7853214329033966,2018-01-02
0.006826718019471765,0.001458786896949618,-0.003102349414656938,0.40184325801200227,2018-01-03
0.006424708276863558,-0.0064229879347833556,-0.004865379346215426,0.2212820327379104,2018-01-04
0.002107210732916935,0.0017734531460905814,0.008476188228436949,0.0818829302955576,2018-01-05
0.00501737064449587,-0.003869772512518007,0.0031422826923008787,0.48864028711043256,2018-01-08
0.0032818523151569535,-0.0064782470483206855,-0.009188146986377366,0.2019910457732069,2018-01-09
0.002469247728914799,-0.009850186746598173,0.0027459618573106455,0.06953971776057138,2018-01-10
0.0012004792275914665,0.006201613407588316,0.00037589497930704116,-0.12162429756585685,2018-01-11
0.002309512142070833,-0.005542636296173822,-0.0006210761198586634,0.34308103041307264,2018-01-12
-0.006305103488680665,-0.019563095776539623,0.004676447018786644,0.508491640065075,2018-01-15
0.0076881486296228145,0.0002367610197573618,0.004676111887590415,-0.27368515366402024,2018-01-16
-0.0008422996682410245,0.004195834100683264,0.011542319020814129,0.04287963179832169,2018-01-17
0.008194788709109866,-0.0039653776365276595,0.007671876692441122,0.06726856140347737,2018-01-18
0.002546306546569449,-0.0036338631964885986,0.006232345965912133,-0.032005817487072485,2018-01-19
0.008386256311956455,-0.008218396551649028,-0.011863724896482526,0.2812223948915189,2018-01-22
0.010583289798271951,-0.006108247097120305,0.006485088518967186,0.4012250888678295,2018-01-23
0.00294788195752425,0.0028534248626291185,0.004685849749397519,0.22389449867749334,2018-01-24
-0.003090730752714243,0.0041048725171439135,0.002906089831865706,0.30844344800312645,2018-01-25
0.0025129352537896343,-0.0058035054893044846,0.0010301137538821156,0.2169474292249812,2018-01-26
-0.012252121959444527,0.005465862109535553,0.013323740930958373,0.40686724946292985,2018-01-29
-0.008432171380523388,0.0069340490076886425,-0.004870760484430486,-0.6110622929675015,2018-01-30
-0.0028195657905500035,-0.024974875134728323,-0.0006083162845618578,-0.7292262490479186,2018-01-31
-0.014508436492016365,-0.03393983740675578,0.0069935277264176025,-0.5269217921929465,2018-02-01
0.005655430834380882,-0.018237753112435605,0.004528152615091969,-0.9337787593205921,2018-02-02
0.004127659689419335,-0.004872780668170189,0.023336711003868842,-0.2136292251735365,2018-02-05
-0.036489367753790504,-0.021256962562926085,0.006027162049202103,-0.4844227531745421,2018-02-06
-0.017598239919240328,0.026649034246088308,-0.0011506318297869215,-0.7876443628190614,2018-02-07
-0.007312557564272702,0.01697631732752615,-0.02171616474708966,-1.389829920085702,2018-02-08
-0.04035679550203769,0.009134465358147242,-0.006898908962122037,-1.1472242102436774,2018-02-09
0.014136862715792741,0.00948324269658361,-0.020889904413980497,-1.0049023073235248,2018-02-12
0.010080156859058335,-0.009110719429821479,0.0023687595768001023,-0.6698469722237232,2018-02-13
0.006364955726690548,-0.0038431583310054524,-0.003882141233311789,-0.6255148549042208,2018-02-14
0.022707864680087342,-0.0067662624441331,-0.0074652564306936404,0.38308847917835165,2018-02-22
0.005498753336518719,0.0004274349140995252,0.0029932220925836766,-0.24062654839107464,2018-02-23
0.014511309814544456,0.00703607412983407,-0.007779254861695433,0.3876993217310777,2018-02-26
-0.011412719747963082,0.014754214441287678,-0.005078567280919092,-0.01726579609179842,2018-02-27
-0.003731749109405019,0.0026303697548763346,-0.006856745448306325,-0.7824013216622311,2018-02-28
0.007341177505766818,0.006510278117864454,-0.008035260195452894,-0.5425764173190184,2018-03-01
-0.006257825027398358,0.004416941797235315,0.0018228475044835364,-0.13154510084741364,2018-03-02
0.0006874541235747332,0.006975758704018781,-0.004050782784656159,0.0958691744229718,2018-03-05
0.012147561160889508,-0.001832637934315276,-0.0018701159343407856,-0.16279047233598876,2018-03-06
-0.006315299262355661,0.003706993955462902,-0.0004673970655667808,0.1299578883704417,2018-03-07
0.0071987424088583545,0.0015252037089978944,-0.00782816291890107,-0.42830893209029836,2018-03-08
0.007828928757518496,0.006406889379145389,-0.006589389036344496,0.1260298351118121,2018-03-09
0.007997971185370812,0.008418518296498796,-0.0035560000131324328,0.5973688591621559,2018-03-12
-0.0061695520166009776,0.004514802634495524,0.0063512527768398745,0.21219025546399428,2018-03-13
-0.005648512008295097,-0.0047514396470612705,-0.0022886849416256386,-0.4015266347179497,2018-03-14
0.0017944812909753266,-0.010332796454520747,-0.0010335248673101183,-0.5551558286753849,2018-03-15
-0.0068239945570959665,0.011870404742141598,0.003390877277101566,-0.12289637261819492,2018-03-16
0.002755905054498683,-0.0003911651500842729,-0.008056862511931832,-0.12616373806995845,2018-03-19
0.0030078481950847067,0.001920391668035851,-0.0002313223583810045,-0.34807236665297175,2018-03-20
-0.00396627688834174,0.0024230804115153177,0.0014596381100657786,-0.011621558015758038,2018-03-21
-0.005795361842527624,0.01357758177348215,0.005214210106049219,-0.38390620577655826,2018-03-22
-0.03518675736394024,-0.021821367246612787,0.0006183699701870493,-0.8396928012274554,2018-03-23
-0.0018419187118188262,0.011434620836858726,-0.01657006901189296,-0.12024648268781712,2018-03-26
0.012947932393745892,0.01517719294949606,-0.005477601881037804,-0.24625919356419546,2018-03-27
-0.014289636477557932,0.008865950004224462,0.0062925729409658415,-0.8425739983936844,2018-03-28
0.013652768695954626,-0.0014828129755926848,0.005269992162274166,-0.800248603350123,2018-03-29
0.004006564700637013,0.008636206544581283,-0.009694340187288738,-0.4881145255344068,2018-03-30
-0.001066977965551203,0.0052024381344694505,-0.002679992020948027,0.20738190759791306,2018-04-02
-0.008017923967558325,-0.0008105855763425093,-0.004533435898671319,-0.6422377991985907,2018-04-03
-0.0019751488754352403,-0.0018474745197426586,-0.0031823713546295174,-0.38527369628448227,2018-04-04
0.0011182076918499814,0.002384429349900403,-0.00028924668652566114,-0.10179038492329942,2018-04-09
0.01571191749950873,-0.012423875583748457,0.004805296492673038,-0.39042058556116854,2018-04-10
0.005419535637096549,0.004242406248839168,-0.0007549609867913698,0.2098162147928118,2018-04-11
-0.008694596724517532,0.004652597249374141,-0.003142941242025934,-0.1054732713104734,2018-04-12
-0.0059238344128250305,0.002302459525573272,0.0016799883637451983,-0.5124345739130255,2018-04-13
-0.013062219873422215,0.004660388747960834,-0.010528294643660282,-0.33563964101894395,2018-04-16
-0.016034916945668422,-0.004230462948487862,0.00959081636694286,-1.0305250061890119,2018-04-17
0.008432643248691807,0.0013524995779721051,0.0027635099668926353,-0.851311240385743,2018-04-18
0.010374611959274046,-0.00935567324822982,-0.004686186237508312,-0.7701453247332282,2018-04-19
-0.015545902867293428,-0.007491542173332828,0.0011353273490026447,-0.22699225213858706,2018-04-20
-0.0015746416164357068,-0.0033903330078883494,0.005175605096105436,-0.3991924896299183,2018-04-23
0.020866482914962323,-7.811048459937381e-05,-0.006432853319001938,-0.6341024294382777,2018-04-24
-0.0028636101402399463,0.008231797413785272,-0.005339321492504575,-0.09862357929016657,2018-04-25
-0.01631825373106062,-0.0029787437548727744,0.008592968554614583,-0.2278486666120776,2018-04-26
0.003112779958116405,0.00014677497989707485,0.005816282794680445,-0.7546672435918323,2018-04-27
0.001029822922714448,-0.005798317600741885,-0.0051725952340762864,0.09457730855887897,2018-05-02
0.008029535382872835,0.0014350258171161295,-0.00447336717075128,-0.7120285298723085,2018-05-03
-0.0024680630786623687,0.0022109074810569623,-0.0019127154879756997,-0.33403253035523645,2018-05-04
0.01690450614207657,-8.861662787234062e-05,-0.00849817325123636,-0.022988198353472655,2018-05-07
0.009058259611449824,0.000613445036737088,-0.003401025912808447,0.1969845418026779,2018-05-08
-0.000871442073247998,0.0032533456004478723,-0.001386848116720856,0.08206526705959247,2018-05-09
0.005570963587382105,0.0018480374235401173,-0.004107885014355079,-0.0645434534630504,2018-05-10
-0.004538507907167007,-0.006223457776423466,0.003302044900298419,-0.14324388379788516,2018-05-11
0.003838557382392753,-0.012875905072087083,-0.004749554544642479,0.036493965593342836,2018-05-14
0.005720163270103799,0.00631267466632447,-0.0057550179309459396,-0.14908494836185254,2018-05-15
-0.006290875250779702,0.0026144932185227245,-0.004450844803511399,-0.2510653155146595,2018-05-16
-0.005020251735961618,0.005602760852706786,0.00670074162367072,-0.5873475574532567,2018-05-17
0.01171757869370544,-0.004000927183704694,0.009479193554100332,-0.7405629195184577,2018-05-18
0.007100526325879243,0.0067209386472447084,-0.00377703351039288,0.44227568761739866,2018-05-21
-0.00024251968426122623,0.005666706169450677,-0.007582504712948052,-0.15129506258599174,2018-05-22
-0.014044865674392577,0.003112299834113947,-0.0036671644169165313,-0.3601737006547594,2018-05-23
-0.005067636622190643,0.0052538586285504315,0.0003714854782863328,-0.7547935291237664,2018-05-24
-0.004449477186589387,-0.001777148538303003,-0.002420355938623004,-0.7606452088891172,2018-05-25
0.0004992960011679786,-0.011565612077181714,-0.009078941702807392,-0.41233598372088925,2018-05-28
-0.006381756603457102,-0.0012108752085819323,0.007685203083198468,-0.5257576932336845,2018-05-29
-0.02463641565847385,-0.018008957962683175,-0.004616389993682829,-1.0696603523675683,2018-05-30
0.01937776606789979,0.0004017901020071102,-0.006909103580465974,-0.8828349918555612,2018-05-31
-0.007408750480785243,0.0011055387600049787,0.009273273200484045,-0.633443901651642,2018-06-01
0.006372200408830897,-0.009869269261067834,-0.0037420683851394883,-0.31009648946154283,2018-06-04
0.011006336660084689,0.0024064068296055733,-0.01201329895274762,-0.21998150792648585,2018-06-05
-0.0004679320582046689,0.0031603021793446726,-0.0055769318486159365,-0.10966724452847365,2018-06-06
-0.002111026771336321,-0.005553726596157016,0.0055461405155210804,-0.23943143252275878,2018-06-07
-0.012343196096562599,-0.00013605324578481494,-0.008481068059727984,-0.4149836117942197,2018-06-08
-0.0037779288565642816,-0.0029645142529687906,0.0032825381748741896,-0.5418516081648524,2018-06-11
0.011280148342067642,-0.005713397131435557,-0.007285788551724813,-0.6716534999218137,2018-06-12
-0.010707316007148374,-0.008142153844066864,0.0038581841127156794,-0.4445028100377243,2018-06-13
-0.002869662920834667,-0.0015361821085468413,0.005015214833859879,-0.8138054045373695,2018-06-14
-0.007793655465638772,-0.01873077703964079,0.010006817360814869,-0.607133741412158,2018-06-15
-0.04223479427145561,-0.03811692894258823,0.004701370719630199,-0.5171616190695244,2018-06-19
0.005458086750420474,0.004123573644578353,-0.009184636366962486,-1.0886369939991651,2018-06-20
-0.013940011833062474,-0.013574078285745007,0.009502648602807261,-0.7811720128091302,2018-06-21
0.007392379457820338,0.008000184422955388,-0.001495382107216968,-1.2402448192589128,2018-06-22
-0.009666510232704165,0.008211766100385006,-0.006836508851270784,-0.2726165997284849,2018-06-25
-0.003877620213762047,0.015648350940050883,-0.006350010021320095,-1.2935669989700103,2018-06-26
-0.012911425799326684,0.012203972338314679,0.011112641074273068,-0.9064089470682414,2018-06-27
-0.009335596174660368,-0.00023628565574127826,0.00838403893144094,-1.364225451729709,2018-06-28
0.02567236236192512,0.0010121452803484865,-0.013263750317822794,-1.1841458589863587,2018-06-29
-0.024023136471932112,0.0138749853212669,-0.007857979941618248,-0.19578740885093943,2018-07-02
0.0041043049268353555,0.013432580794121412,0.0041185616866006155,-1.6073193637510503,2018-07-03
-0.01119549906952964,-0.005899481136420628,0.0073986705369935915,-0.9920536158013751,2018-07-04
-0.011534786446977616,-0.016547489850179238,0.006194636185182317,-1.0326229831059355,2018-07-05
0.0055681547698607295,-0.0020120496083660747,-0.002648614771654928,-1.031603759746027,2018-07-06
0.026800245740751377,-0.007046109507757064,-0.0062698725923012975,-0.6085123861587555,2018-07-09
0.005145337447749129,0.004947871996622834,-0.006130004252909206,-0.4168818081646951,2018-07-10
-0.01852754907615302,-0.0077265777259085434,-0.0023501919367731397,-0.712778895980803,2018-07-11
0.023675649689278294,0.0011444194038215116,-0.003928468732403295,-0.8360525993395719,2018-07-12
0.004183520963592225,-0.0017639449777425392,-0.007712357951254675,-0.18611217913861,2018-07-13
-0.0038047175893660768,0.004438415252948658,-0.005743847657089414,0.020326439730082024,2018-07-16
-0.004215305151734412,0.008940025745700122,0.0015316874486436915,-0.6610506874737487,2018-07-17
-0.0037287843065078744,0.0047029234025800955,0.0053410437456356775,-0.6480466999974722,2018-07-18
-0.004412342045569566,-0.009861533420179095,0.0035556825750718522,-0.9120316299257955,2018-07-19
0.01904965642241073,-0.006559794148047599,0.013407817856381246,-0.8453683845665113,2018-07-20
0.010803435876360491,-0.0007470930416247877,0.017335544003665257,-0.1410466183913162,2018-07-23
0.017465872196450207,0.0014800807409043257,0.0023651773856307595,-0.2507691493433246,2018-07-24
0.00035002454479081564,0.0032834045030735535,0.0004965921750044412,-0.03428944699864572,2018-07-25
-0.007033292095629981,0.015510652568571525,0.01328013820573697,-0.16888357661675787,2018-07-26
-0.002704982176466329,-0.0006477626115425636,-0.00019554611190830207,-0.8335029531562771,2018-07-27
-0.003830552153685721,-0.010444909337891994,0.011569054346222823,-0.1989867958336744,2018-07-30
0.0024239541787114405,0.0015055636283233397,0.0035260945101371127,-0.700844399219793,2018-07-31
-0.018422779354839415,0.005170245175335595,-0.0023612933080649004,-0.5787466078971093,2018-08-01
-0.02077647839221264,-0.005404729070463295,0.004699161581234176,-1.230916778410251,2018-08-02
-0.011675463779867088,0.0073673590377675915,0.015753369107696362,-1.0479707371517375,2018-08-03
-0.013755222311601624,-0.0017162015826485688,0.01758959407045947,-0.7922070867503312,2018-08-06
0.029460142767253176,-0.0027201039950792774,0.0021753315191851905,-1.0415469704829134,2018-08-07
-0.013261956125940555,0.0029232304357137973,0.012817262925135907,-0.5087714067047131,2018-08-08
0.02116928290325101,-0.0043755331069076815,-0.01373159584041047,-1.1873771605597119,2018-08-09
0.0019311670154210812,0.0021958468323594587,-0.009121935119290422,-0.37816577883398717,2018-08-10
-0.0023701888526067335,0.0017810726980740906,-0.00787149818573711,-0.5046930287589877,2018-08-13
-0.00245750423702126,0.005569559853998453,0.0026665839608893196,-0.1728685598338475,2018-08-14
-0.021048642849712366,0.0061188618815684985,0.0059792054230281486,-0.36745994485481914,2018-08-15
-0.007608437407487683,-0.002331181466738619,0.0034861452731464945,-1.3472363990134308,2018-08-16
-0.013638204302789121,-0.00389806579128121,0.008610603748624348,-0.4468621311943652,2018-08-17
0.010499146225400293,-0.0070221899511704235,0.004074900972477698,-0.9614378453091896,2018-08-20
0.014397817562416952,-0.006282969545087346,-0.012005581181884424,-0.835177496951413,2018-08-21
-0.0075653716786986645,-0.00453889633099867,0.004889196242517747,-0.49589419008055446,2018-08-22
0.0038058136057991165,0.0021133020264971023,-0.004009898525132636,-0.9786197285071707,2018-08-23
0.001681299450064421,-0.0038005378314030875,0.007583013224779587,-0.6239762118851581,2018-08-24
0.021980046724533346,-0.006105404743552333,-0.010862907657277744,-0.21799545911032936,2018-08-27
-0.0008509975519088355,0.00312180238777225,-0.00036513353848490414,-0.05598778448695113,2018-08-28
-0.00364268608834035,-0.0006746512801361982,0.0023365661942469926,-0.43874957673013065,2018-08-29
-0.012119407953721725,-0.0031505137691976767,0.0005896595787253864,-0.710130477137233,2018-08-30
-0.005128484272595669,-0.004277158611930337,0.012196325814345172,-0.9974670218556247,2018-08-31
-0.0015299367795767807,-0.0009061091812052489,0.0007184683472615866,-0.45088401844885573,2018-09-03
0.011389964690449764,0.00015738251303494717,-0.0021909390880125064,-0.77054527963201,2018-09-04
-0.017078067482883638,0.005851632538700283,0.0029254727323030603,-0.4796778598291045,2018-09-05
-0.006754346287504138,0.00423479897632271,0.004081809202433999,-1.2447932381417015,2018-09-06
0.004158633410830044,0.001165001313322563,0.001745238047107963,-0.947268702180852,2018-09-07
-0.01350106758430301,-0.00210583941867307,0.007771953239292386,-0.6305187729038666,2018-09-10
-0.0011714869499259775,0.004679793473943225,-0.0033166444534770117,-1.0232142750232789,2018-09-11
-0.003759813266652405,0.006895970708968423,0.008051094917797489,-1.0146219518432504,2018-09-12
0.011382858151239815,-0.00042803914976238984,0.005749977678458751,-1.1007046130157443,2018-09-13
-0.0011892799908911826,-0.008260508027683116,0.004308433142962603,-0.7768658726737293,2018-09-14
-0.011736497002784176,-0.0039478146261130356,0.004396213955401174,-0.40773641180680614,2018-09-17
0.01873116507332188,-0.001683258440409948,-0.0011103706753078958,-0.940252632671319,2018-09-18
0.013342267003883326,-0.0037278530756900304,-0.0047497535989352805,-0.24660385306159627,2018-09-19
-0.00033239734475972615,-0.0004404637435660426,0.0020841887999491146,-0.0786592118101343,2018-09-20
0.02569423247404413,-0.01745993542176065,-0.00019031938818881572,-0.2567306048092378,2018-09-21
-0.005764095257790645,0.002557306355684471,-0.0030673008372903796,0.08760329101122752,2018-09-25
0.009583090255116678,-0.007739291928741052,-0.006151550075045085,-0.19097134871231386,2018-09-26
-0.005729277103456901,-0.013430711522924,0.0048247456451937214,-0.13984267273646392,2018-09-27
0.010162391081292823,-0.001446735359961579,0.0001591094954784024,-0.34296678874408665,2018-09-28
