MarkettypeID,TradingDate,RiskPremium1,RiskPremium2,SMB1,SMB2,HML1,HML2
P9709,2015-01-05,0.033935,0.030935,-0.026343000000000002,-0.027561000000000002,0.015883,0.014938
P9709,2015-01-06,0.002935,0.004935,0.008366,0.00913,-0.018302000000000002,-0.019614
P9709,2015-01-07,0.002935,0.002935,-0.0009429999999999999,-0.000291,0.003181,0.004161
P9709,2015-01-08,-0.022065,-0.020065,0.013147999999999998,0.013262000000000001,-0.021016999999999997,-0.020632
P9709,2015-01-09,-0.002065,-0.002065,-0.005197,-0.004464,0.0010140000000000001,0.0007559999999999999
P9709,2015-01-12,-0.015065,-0.014065000000000001,-0.008084000000000001,-0.007503,-0.018341,-0.018647999999999998
P9709,2015-01-13,0.003935,0.004935,0.011238,0.012137,-0.008948000000000001,-0.008246999999999999
P9709,2015-01-14,-0.003065,-0.003065,0.000917,0.001023,0.006207,0.007229000000000001
P9709,2015-01-15,0.031935000000000005,0.029935000000000003,-0.018779,-0.019006,0.021707,0.020782
P9709,2015-01-16,0.012934999999999999,0.012934999999999999,-0.001819,-0.001125,-0.002482,-0.003592
P9709,2015-01-19,-0.07306499999999999,-0.069065,0.036128,0.036858,-0.038672000000000005,-0.039895
P9709,2015-01-20,0.019934999999999998,0.022935,0.014971,0.014757,-0.013266,-0.014303999999999999
P9709,2015-01-21,0.045935000000000004,0.043935,-0.017055,-0.016328,0.018974,0.018587
P9709,2015-01-22,0.005935,0.006934999999999999,0.009425,0.009025,-0.009127,-0.008661
P9709,2015-01-23,-6.500000000000001e-05,-0.001065,-0.006032,-0.006323,0.007193000000000001,0.008458
P9709,2015-01-26,0.015934999999999998,0.031935000000000005,0.008867,0.007498,-0.007134000000000001,-0.007693000000000001
P9709,2015-01-27,-0.008065000000000001,-0.007065000000000001,0.014438,0.013287,-0.010239,-0.009824
P9709,2015-01-28,-0.014065000000000001,-0.012065000000000001,0.010625,0.01103,-0.0018800000000000002,-0.001583
P9709,2015-01-29,-0.013065,-0.011065,0.0072,0.0069489999999999994,-0.004954,-0.004036
P9709,2015-01-30,-0.015065,-0.015065,0.0016129999999999999,0.001227,-0.000798,-0.000433
P9709,2015-02-02,-0.023065000000000002,-0.021065,0.013947,0.013868,-0.016337,-0.016419
P9709,2015-02-03,0.025935000000000003,0.024935,-0.0071189999999999995,-0.005899000000000001,0.00371,0.002125
P9709,2015-02-04,-0.009065,-0.008065000000000001,0.006579000000000001,0.0068579999999999995,-0.005790999999999999,-0.004640999999999999
P9709,2015-02-05,-0.010065000000000001,-0.009065,0.005712,0.006217,-0.005125,-0.005239
P9709,2015-02-06,-0.021065,-0.021065,-2.3e-05,-0.0009550000000000001,-0.005884,-0.005936
P9709,2015-02-09,0.004935,0.002935,-0.011108,-0.01028,0.0036829999999999996,0.004059
P9709,2015-02-10,0.015934999999999998,0.015934999999999998,-0.00707,-0.0066430000000000005,0.001633,0.001257
P9709,2015-02-11,0.006934999999999999,0.007935,0.0058,0.006537,-0.010486,-0.010565
P9709,2015-02-12,0.004935,0.005935,0.006541,0.006194,-0.001121,-0.0015660000000000001
P9709,2015-02-13,0.010935,0.011935,0.006576,0.006737999999999999,-0.001849,-0.001974
P9709,2015-02-16,0.008935,0.009935,0.009481999999999999,0.009387000000000001,-0.012841,-0.012468
P9709,2015-02-17,0.007935,0.007935,0.0030670000000000003,0.003175,-0.001333,-0.000202
P9709,2015-02-25,-0.006065,-0.007065000000000001,0.007931,0.006903,-0.000878,0.000267
P9709,2015-02-26,0.019934999999999998,0.018935,-0.008212,-0.00867,0.009902,0.009174
P9709,2015-02-27,0.004935,0.005935,0.007534000000000001,0.007626000000000001,-0.003295,-0.003782
P9709,2015-03-02,0.010942,0.011942,0.011976,0.012425,-0.006406,-0.0062759999999999995
P9709,2015-03-03,-0.022058,-0.020058000000000003,0.017787,0.017658,-0.011946,-0.011771
P9709,2015-03-04,0.007942,0.008942,0.011137000000000001,0.010957,-0.012173999999999999,-0.013091
P9709,2015-03-05,-0.008058,-0.006058,0.017394,0.016663,-0.01067,-0.010206
P9709,2015-03-06,-0.005058,-0.006058,-0.0033909999999999995,-0.004301,0.010404,0.010751
P9709,2015-03-09,0.020942,0.018941999999999997,-0.003009,-0.00227,0.0083,0.007946
P9709,2015-03-10,-0.002058,-5.7999999999999994e-05,0.015763,0.014477,-0.013758000000000001,-0.014759999999999999
P9709,2015-03-11,0.0019420000000000001,0.000942,0.000305,-0.0008880000000000001,0.001538,0.0007019999999999999
P9709,2015-03-12,0.014941999999999999,0.012941999999999999,-0.020826,-0.020799,0.014495,0.015318
P9709,2015-03-13,0.007942,0.008942,0.008336,0.008981999999999999,-0.005451,-0.005999
P9709,2015-03-16,0.024942,0.025942000000000003,0.007509,0.007781999999999999,-0.009674,-0.009703
P9709,2015-03-17,0.014941999999999999,0.014941999999999999,0.002725,0.002711,0.003551,0.0037979999999999997
P9709,2015-03-18,0.022941999999999997,0.022941999999999997,0.0008039999999999999,0.001062,0.00635,0.003871
P9709,2015-03-19,0.000942,0.0019420000000000001,0.010828,0.011113,-0.0011300000000000001,-0.001026
P9709,2015-03-20,0.010942,0.011942,0.0015689999999999999,0.0024760000000000003,-0.0013039999999999998,-0.001538
P9709,2015-03-23,0.021942,0.022941999999999997,0.008898,0.009585,-0.002972,-0.003207
P9709,2015-03-24,0.002942,0.003942,0.002991,0.003807,-0.006006,-0.005993
P9709,2015-03-25,-0.005058,-0.003058,0.017744,0.017425,-0.012841,-0.012381
P9709,2015-03-26,0.000942,-0.001058,-0.012853,-0.014173,0.013749,0.013722999999999999
P9709,2015-03-27,0.004942,0.005942,0.010364,0.009163,-0.004217,-0.00495
P9709,2015-03-30,0.023941999999999998,0.021942,-0.014247,-0.016142,0.016933,0.017103
P9709,2015-03-31,-0.007058,-0.005058,0.008195000000000001,0.0089,-0.012683,-0.012761
P9709,2015-04-01,0.018941999999999997,0.019941999999999998,0.007812999999999999,0.00839,-0.0060420000000000005,-0.00512
P9709,2015-04-02,0.006942,0.008942,0.020829,0.020159,-0.009592,-0.010831
P9709,2015-04-03,0.011942,0.012941999999999999,0.016592,0.01624,-0.0014990000000000001,-0.000752
P9709,2015-04-07,0.025942000000000003,0.025942000000000003,-0.00055,-0.000642,0.007568999999999999,0.007884
P9709,2015-04-08,0.004942,0.003942,-0.011415999999999999,-0.012247,0.013425,0.014913999999999998
P9709,2015-04-09,-0.009058,-0.008058,-0.00023999999999999998,-0.0008710000000000001,0.000133,-0.0006889999999999999
P9709,2015-04-10,0.021942,0.021942,0.007126,0.006645999999999999,-0.004243,-0.004785
P9709,2015-04-13,0.023941999999999998,0.022941999999999997,0.004706,0.003629,0.009809,0.009781
P9709,2015-04-14,0.000942,0.000942,0.005229,0.003389,-0.002684,-0.002451
P9709,2015-04-15,-0.016058000000000003,-0.020058000000000003,-0.021315,-0.022409000000000002,0.015497,0.013984
P9709,2015-04-16,0.024942,0.023941999999999998,-0.016802,-0.016338,0.002007,0.002543
P9709,2015-04-17,0.017942,0.016942,-0.010323,-0.010697,0.009658,0.009751000000000001
P9709,2015-04-20,-0.019058000000000002,-0.020058000000000003,-0.0033640000000000002,-0.004232,-0.0050030000000000005,-0.004383
P9709,2015-04-21,0.022941999999999997,0.025942000000000003,0.012717000000000001,0.012606000000000001,-0.016426,-0.01685
P9709,2015-04-22,0.025942000000000003,0.026942,0.008108,0.00863,-0.001778,-0.00028
P9709,2015-04-23,0.004942,0.004942,0.008005,0.007744,-0.007123,-0.00646
P9709,2015-04-24,-0.005058,-0.004058,0.009132,0.008504000000000001,-0.012408,-0.010443000000000001
P9709,2015-04-27,0.026942,0.024942,-0.014565,-0.014124000000000001,0.018238,0.016833
P9709,2015-04-28,-0.013058000000000002,-0.015058000000000002,-0.017842,-0.017603999999999998,0.018574,0.019041
P9709,2015-04-29,0.002942,0.005942,0.019818000000000002,0.018312000000000002,-0.023526,-0.024668
P9709,2015-04-30,-0.006058,-0.004058,0.010887,0.010058,-0.009942,-0.011245
P9709,2015-05-04,0.008942,0.007942,0.002863,0.001737,0.0043490000000000004,0.004553
P9709,2015-05-05,-0.040057999999999996,-0.038058,0.008309,0.009719,-0.009694,-0.009709
P9709,2015-05-06,-0.014058000000000001,-0.012058,-0.0057,-0.003865,-0.010172,-0.01122
P9709,2015-05-07,-0.025058,-0.023058000000000002,-0.005065999999999999,-0.003947,-0.010032,-0.009367
P9709,2015-05-08,0.027942,0.030942,0.021823,0.021662999999999998,-0.010844,-0.0123
P9709,2015-05-11,0.034949,0.036949,0.016835,0.015909,-0.008365000000000001,-0.009293000000000001
P9709,2015-05-12,0.015949,0.017949,0.010302,0.010659,-0.009436,-0.007762000000000001
P9709,2015-05-13,-0.0030510000000000003,-0.001051,0.015780000000000002,0.015805,-0.0117,-0.010177
P9709,2015-05-14,-5.1e-05,0.0019489999999999998,0.015988,0.015366999999999999,0.000711,0.000528
P9709,2015-05-15,-0.015050999999999998,-0.013050999999999998,0.010611,0.011236,-0.012947,-0.013255000000000001
P9709,2015-05-18,-5.1e-05,0.003949,0.029512,0.029718,-0.018956999999999998,-0.020702
P9709,2015-05-19,0.031949,0.031949,-0.000285,-0.001549,0.004438,0.004346
P9709,2015-05-20,0.009949,0.011949,0.017455000000000002,0.016895,-0.010831,-0.011474
P9709,2015-05-21,0.023949,0.025949,0.01875,0.017811,-0.015902,-0.016569999999999998
P9709,2015-05-22,0.023949,0.022949,-0.0047350000000000005,-0.007276,0.00891,0.010078
P9709,2015-05-25,0.029949,0.028949000000000003,0.0013,-7.099999999999999e-05,0.0010140000000000001,0.002711
P9709,2015-05-26,0.023949,0.026949,0.020863,0.020778,-0.013222999999999999,-0.014011000000000001
P9709,2015-05-27,0.004949,0.007949,0.017844,0.0189,-0.0063100000000000005,-0.004639
P9709,2015-05-28,-0.068051,-0.066051,0.008157,0.009595999999999999,-0.000263,0.0019649999999999997
P9709,2015-05-29,0.002949,0.003949,0.011364,0.011349,-0.016927,-0.016824000000000002
P9709,2015-06-01,0.052949,0.051949,0.009553,0.00877,-0.000169,0.001151
P9709,2015-06-02,0.023949,0.024949000000000002,0.032202,0.031881,-0.010048999999999999,-0.010638
P9709,2015-06-03,0.0019489999999999998,0.0019489999999999998,0.010048999999999999,0.008878,0.003732,0.001731
P9709,2015-06-04,0.007949,0.004949,-0.011362,-0.012673,0.016691,0.018647
P9709,2015-06-05,0.013949000000000001,0.013949000000000001,0.008628,0.007909000000000001,0.00128,0.002013
P9709,2015-06-08,0.015949,0.009949,-0.032468000000000004,-0.03322,0.029251999999999997,0.02967
P9709,2015-06-09,-0.005051,-0.0030510000000000003,0.0045899999999999995,0.005577,0.000968,0.002582
P9709,2015-06-10,0.003949,0.0069489999999999994,0.021093999999999998,0.020199,-0.019051,-0.020451
P9709,2015-06-11,0.005949,0.0069489999999999994,0.023168,0.021591,-0.011798000000000001,-0.011935
P9709,2015-06-12,0.010948999999999999,0.010948999999999999,0.015959,0.014344999999999998,0.001959,0.000728
P9709,2015-06-15,-0.021051,-0.023051,0.009348,0.006078,0.009741,0.009179999999999999
P9709,2015-06-16,-0.036051,-0.037051,-0.015162,-0.015253000000000001,0.008395999999999999,0.009192
P9709,2015-06-17,0.018949,0.019949,0.005291,0.00562,0.002908,0.001955
P9709,2015-06-18,-0.039051,-0.040050999999999996,0.006601,0.0038369999999999997,0.004718,0.003922
P9709,2015-06-19,-0.067051,-0.067051,-0.016275,-0.015465000000000001,0.001588,0.001126
P9709,2015-06-23,0.022949,0.021949,-0.03485,-0.032498,0.004412,0.005
P9709,2015-06-24,0.024949000000000002,0.024949000000000002,0.0065780000000000005,0.005372,0.006255,0.0069370000000000005
P9709,2015-06-25,-0.037051,-0.038051,-0.00456,-0.006361,0.008119,0.008149
P9709,2015-06-26,-0.080051,-0.079051,-0.015151,-0.014684000000000001,0.012029,0.012514
P9709,2015-06-29,-0.039044,-0.044044,-0.048895,-0.046596,0.030534,0.032718000000000004
P9709,2015-06-30,0.060955999999999996,0.060955999999999996,-0.018562000000000002,-0.016835,-0.002799,-0.0029879999999999998
P9709,2015-07-01,-0.056044000000000004,-0.056044000000000004,-0.018515,-0.016082,0.007233,0.008140000000000001
P9709,2015-07-02,-0.039044,-0.044044,-0.045108999999999996,-0.039796,0.033956,0.033395
P9709,2015-07-03,-0.06104400000000001,-0.06204400000000001,-0.026503,-0.023603,0.005072999999999999,0.006218
P9709,2015-07-06,0.018956,0.011956,-0.08480700000000001,-0.076185,0.051535000000000004,0.050727999999999995
P9709,2015-07-07,-0.015044,-0.024044,-0.065496,-0.059073,0.050347,0.052413
P9709,2015-07-08,-0.067044,-0.06804400000000001,-0.0046890000000000005,0.000754,0.011576000000000001,0.014433000000000001
P9709,2015-07-09,0.07095599999999999,0.073956,0.014430000000000002,0.013396000000000002,-0.015519,-0.014244
P9709,2015-07-10,0.05595599999999999,0.060955999999999996,0.025674000000000002,0.023826,-0.024585,-0.022952
P9709,2015-07-13,0.025956,0.031956,0.0535,0.050081,-0.03199,-0.032042
P9709,2015-07-14,-0.008043999999999999,-0.005044,0.056826,0.054419,-0.026764999999999997,-0.034
P9709,2015-07-15,-0.031044,-0.037044,-0.015203999999999999,-0.011559,0.027527999999999997,0.022735
P9709,2015-07-16,0.006956,0.007956,0.007408,0.007670999999999999,-0.006687,-0.006455
P9709,2015-07-17,0.040956,0.044956,0.029550999999999997,0.027839999999999997,-0.025622000000000002,-0.023703000000000002
P9709,2015-07-20,0.011956,0.012956,0.026126,0.024178,-0.015179,-0.014981999999999999
P9709,2015-07-21,0.006956,0.009956,0.023833,0.022224,-0.009895000000000001,-0.011252
P9709,2015-07-22,0.003956,0.004956,0.017275,0.017755,-0.009935,-0.009687999999999999
P9709,2015-07-23,0.025956,0.027956,0.017394999999999997,0.016156999999999998,-0.01112,-0.010844
P9709,2015-07-24,-0.015044,-0.014044,0.0017640000000000002,0.00161,-0.002914,-0.005485
P9709,2015-07-27,-0.090044,-0.090044,0.003156,0.004076,0.001859,0.000459
P9709,2015-07-28,-0.018044,-0.020044,-0.038714,-0.03492,0.011243000000000001,0.01547
P9709,2015-07-29,0.036956,0.039956,0.027634,0.024361,-0.014586000000000002,-0.014811000000000001
P9709,2015-07-30,-0.028044,-0.029044,-0.0014449999999999999,-0.002805,0.0044280000000000005,0.0032840000000000005
P9709,2015-07-31,-0.011044,-0.011044,-0.015622,-0.014031,0.004622,0.007906999999999999
P9709,2015-08-03,-0.016044,-0.017044,-0.04795,-0.043503,0.023714,0.028314999999999996
P9709,2015-08-04,0.041956,0.044956,0.036664999999999996,0.033367,-0.021289,-0.022739
P9709,2015-08-05,-0.017044,-0.017044,0.016355,0.014371,0.000339,-0.0022370000000000003
P9709,2015-08-06,-0.008043999999999999,-0.009044,0.010398000000000001,0.00953,0.00032900000000000003,-0.001338
P9709,2015-08-07,0.025956,0.027956,0.020016,0.018585,-0.012865000000000001,-0.014884
P9709,2015-08-10,0.051955999999999995,0.052955999999999996,0.009436,0.008091,-0.013769,-0.012712000000000001
P9709,2015-08-11,-4.4e-05,0.000956,0.013153,0.010837000000000001,-0.002999,-0.002997
P9709,2015-08-12,-0.013044,-0.014044,0.0022140000000000003,-0.000118,-0.005234,-0.005116
P9709,2015-08-13,0.018956,0.020956,0.017208,0.015300999999999999,-0.011329,-0.012027
P9709,2015-08-14,0.002956,0.003956,0.011423,0.007751999999999999,-0.005314,-0.0044009999999999995
P9709,2015-08-17,0.006956,0.006956,0.020194,0.014048,-0.006966,-0.009674
P9709,2015-08-18,-0.067044,-0.07004400000000001,-0.020714,-0.017702000000000002,0.0138,0.012073
P9709,2015-08-19,0.014956,0.015956,0.013722,0.013138999999999998,-0.013263999999999998,-0.013279
P9709,2015-08-20,-0.035044,-0.036044,-0.002104,0.000683,0.008024,0.008404
P9709,2015-08-21,-0.050044,-0.05204400000000001,-0.015177000000000001,-0.012153,0.017039,0.016374
P9709,2015-08-24,-0.094044,-0.094044,-0.002135,-0.0005690000000000001,0.0031,0.00375
P9709,2015-08-25,-0.08504400000000001,-0.08604400000000001,-0.011639,-0.008718,-0.00018,0.001397
P9709,2015-08-26,-0.016038,-0.019038,-0.029327,-0.023093000000000002,0.035586,0.034418000000000004
P9709,2015-08-27,0.055963,0.055963,-0.013799,-0.01354,0.007814,0.004496
P9709,2015-08-28,0.053963,0.055963,0.02451,0.020712,-0.016685,-0.017639
P9709,2015-08-31,-0.013038,-0.017038,-0.037951,-0.036311,0.008343000000000001,0.009781999999999999
P9709,2015-09-01,-0.016038,-0.023038,-0.064345,-0.06027999999999999,0.032662000000000004,0.031964
P9709,2015-09-02,-0.003038,-0.006038,-0.047261000000000004,-0.041798,0.032289,0.035968
P9709,2015-09-07,-0.028038,-0.023038,0.049958999999999996,0.045412,-0.018565,-0.021788
P9709,2015-09-08,0.032963,0.035963,0.03092,0.026974,-0.016756,-0.020513
P9709,2015-09-09,0.027963,0.029963,0.023488,0.021894,-0.013193,-0.012373
P9709,2015-09-10,-0.014038,-0.016038,-0.003356,-0.005057,0.001841,0.000789
P9709,2015-09-11,0.0009630000000000001,0.001963,0.016841,0.014078,-0.012837999999999999,-0.015455000000000002
P9709,2015-09-14,-0.038038,-0.045038,-0.047457,-0.043809,0.023913999999999998,0.022902000000000002
P9709,2015-09-15,-0.042038,-0.045038,-0.019825,-0.018836000000000002,0.024097999999999998,0.02207
P9709,2015-09-16,0.056963,0.060962999999999996,0.026736000000000003,0.023003,-0.02167,-0.023157
P9709,2015-09-17,-0.021038,-0.021038,0.002055,0.002726,-0.001282,-0.004331000000000001
P9709,2015-09-18,0.005963,0.007963,0.012805,0.011048,-0.010523999999999999,-0.011678000000000001
P9709,2015-09-21,0.022963,0.026963,0.021744,0.021696,-0.020525,-0.019752000000000002
P9709,2015-09-22,0.008962999999999999,0.009963,0.000343,0.000388,-0.002983,-0.001648
P9709,2015-09-23,-0.020038,-0.019038,0.010395999999999999,0.011825,-0.005607,-0.005599
P9709,2015-09-24,0.009963,0.010962999999999999,0.010703,0.01047,-0.006895,-0.006693999999999999
P9709,2015-09-25,-0.021038,-0.024038,-0.019575,-0.019739,0.017601,0.016909
P9709,2015-09-28,0.007963,0.010962999999999999,0.019261,0.020073,-0.016091,-0.016356
P9709,2015-09-29,-0.021038,-0.021038,0.002788,0.003625,-0.000202,0.00082
P9709,2015-09-30,0.003963,0.003963,-0.0024980000000000002,-0.001872,-0.0019,-0.00028399999999999996
P9709,2015-10-08,0.035963,0.037963,0.012539,0.013673,-0.015002000000000001,-0.014472
P9709,2015-10-09,0.014962999999999999,0.014962999999999999,0.005313,0.005431,-0.001887,-0.002369
P9709,2015-10-12,0.038963,0.040963,0.013083000000000001,0.012211,-0.008583,-0.008799
P9709,2015-10-13,0.003963,0.004963,0.016746,0.016085,-0.012419,-0.01265
P9709,2015-10-14,-0.011038,-0.012038,-0.0028420000000000003,-0.0033399999999999997,0.002979,0.002648
P9709,2015-10-15,0.026963,0.028963,0.012209999999999999,0.011995,-0.012181,-0.012144
P9709,2015-10-16,0.015962999999999998,0.015962999999999998,0.0033299999999999996,0.003102,-0.00854,-0.006431999999999999
P9709,2015-10-19,-3.8e-05,-3.8e-05,0.00054,9e-06,-0.003082,-0.0027199999999999998
P9709,2015-10-20,0.013963,0.015962999999999998,0.008075,0.007801000000000001,-0.004472,-0.005009
P9709,2015-10-21,-0.038038,-0.044038,-0.036742000000000004,-0.033735,0.02839,0.027183999999999996
P9709,2015-10-22,0.020963,0.024963,0.024797,0.023989,-0.022366999999999998,-0.020863999999999997
P9709,2015-10-23,0.018963,0.020963,0.023219,0.022555000000000002,-0.012404,-0.011984
P9709,2015-10-26,0.0059689999999999995,0.0059689999999999995,0.007809,0.006920999999999999,-0.002967,-0.002823
P9709,2015-10-27,0.0019690000000000003,0.0029690000000000003,0.006633,0.006045,-0.009537,-0.009966
P9709,2015-10-28,-0.020031,-0.021031,-0.001261,-0.0009339999999999999,0.011117,0.009670999999999999
P9709,2015-10-29,0.0049689999999999995,0.0049689999999999995,0.010731999999999998,0.009534,-0.005925,-0.005913
P9709,2015-10-30,-0.002031,-0.001031,0.000472,0.001309,-0.004615,-0.004337
P9709,2015-11-02,-0.020031,-0.010031,-0.00547,-0.003899,0.009309,0.010545
P9709,2015-11-03,-0.004031,-0.002031,0.005938000000000001,0.005951,-0.001831,-0.000167
P9709,2015-11-04,0.049969,0.050969,0.005683,0.005139,-0.012893,-0.01288
P9709,2015-11-05,0.015969,0.013969,-0.017158,-0.017899,0.007114,0.006511
P9709,2015-11-06,0.021969,0.023969,0.004398,0.0049689999999999995,-0.013894,-0.012523999999999999
P9709,2015-11-09,0.018969,0.018969,0.002879,0.0038179999999999998,0.003114,0.002848
P9709,2015-11-10,-3.1e-05,0.0009689999999999999,0.012445999999999999,0.011636,-0.006532,-0.007673
P9709,2015-11-11,0.0059689999999999995,0.008969,0.020331000000000002,0.020531,-0.01151,-0.010892
P9709,2015-11-12,-0.005031,-0.003031,0.012764,0.014825999999999999,-0.004697,-0.0019149999999999998
P9709,2015-11-13,-0.016031,-0.019031,-0.0037560000000000002,-0.0054600000000000004,-0.0015,-0.0018
P9709,2015-11-16,0.011969,0.012969,0.020285,0.019487,-0.006876999999999999,-0.009290999999999999
P9709,2015-11-17,-0.003031,-0.004031,-0.002327,-0.00286,0.004306,0.005751
P9709,2015-11-18,-0.012031,-0.014031,-0.005661,-0.006221,0.012405,0.010528000000000001
P9709,2015-11-19,0.018969,0.020968999999999998,0.014778999999999999,0.014375,-0.01054,-0.01038
P9709,2015-11-20,0.0059689999999999995,0.0069689999999999995,0.017856999999999998,0.016242,-0.004953,-0.006682
P9709,2015-11-23,-0.007031,-0.007031,0.002316,0.002172,0.004038,0.004806
P9709,2015-11-24,0.0039689999999999994,0.0069689999999999995,0.012664,0.012790000000000001,-0.004902,-0.004247
P9709,2015-11-25,0.012969,0.013969,0.013919999999999998,0.013858,-0.007317000000000001,-0.008709
P9709,2015-11-26,-0.005031,-0.005031,0.002288,0.0020399999999999997,0.0021190000000000002,0.002134
P9709,2015-11-27,-0.05903099999999999,-0.061030999999999995,-0.007534999999999999,-0.006883,0.007320999999999999,0.00673
P9709,2015-11-30,0.0049689999999999995,0.0059689999999999995,0.008112000000000001,0.007683,0.004068,0.0034920000000000003
P9709,2015-12-01,0.0019690000000000003,-3.1e-05,-0.000492,-0.002873,0.0009019999999999999,0.000188
P9709,2015-12-02,0.019969,0.015969,-0.039529,-0.039701,0.015147,0.015045
P9709,2015-12-03,0.018969,0.019969,0.016672,0.016158000000000002,-0.001385,-0.002881
P9709,2015-12-04,-0.015031000000000001,-0.012031,0.020038999999999998,0.018274000000000002,-0.010087,-0.010079000000000001
P9709,2015-12-07,0.0049689999999999995,0.0069689999999999995,0.014578,0.014203,-0.007157999999999999,-0.007770999999999999
P9709,2015-12-08,-0.020031,-0.020031,0.001484,0.001212,-0.001525,-0.0017120000000000002
P9709,2015-12-09,0.0009689999999999999,-3.1e-05,-0.0038060000000000004,-0.005266,-0.0013109999999999999,-0.004058
P9709,2015-12-10,-0.004031,-0.004031,0.0011560000000000001,0.003,-0.0065980000000000006,-0.005147
P9709,2015-12-11,-0.007031,-0.007031,-0.0033689999999999996,-0.0022170000000000002,-0.0013390000000000001,0.00043200000000000004
P9709,2015-12-14,0.024968999999999998,0.024968999999999998,-0.007383,-0.008026,-0.00037400000000000004,0.00116
P9709,2015-12-15,-3.1e-05,0.0019690000000000003,0.019566,0.019015,-0.009287,-0.00864
P9709,2015-12-16,0.0029690000000000003,0.0039689999999999994,0.009219,0.008405,-0.0007070000000000001,-0.000813
P9709,2015-12-17,0.020968999999999998,0.022969,0.013388999999999998,0.013253999999999998,-0.00242,-0.00187
P9709,2015-12-18,-3.1e-05,-0.001031,0.001898,0.001465,-0.0022530000000000002,-0.0026260000000000003
P9709,2015-12-21,0.016969,0.015969,-0.009836,-0.010775,0.0015609999999999999,0.001971
P9709,2015-12-22,0.0039689999999999994,0.0049689999999999995,0.007878,0.0068,-0.005649,-0.0049770000000000005
P9709,2015-12-23,-0.006031,-0.007031,-0.008137,-0.007359999999999999,0.0038640000000000002,0.003404
P9709,2015-12-24,-0.005031,-0.005031,0.007541,0.008587000000000001,0.0018920000000000002,-2.1e-05
P9709,2015-12-25,0.0039689999999999994,0.0049689999999999995,0.010022,0.009453,-0.00061,-0.001199
P9709,2015-12-28,-0.026031,-0.025031,0.0032979999999999997,0.003061,0.0011070000000000001,0.001726
P9709,2015-12-29,0.008969,0.008969,0.006492,0.005111999999999999,-0.000834,-0.001114
P9709,2015-12-30,0.0049689999999999995,0.0049689999999999995,0.012950999999999999,0.012545,-0.006986,-0.007174
P9709,2015-12-31,-0.012031,-0.013031000000000001,-0.0057799999999999995,-0.005158,0.002729,0.0036299999999999995
P9709,2016-01-04,-0.074031,-0.07703099999999999,-0.017674000000000002,-0.016613,0.014878,0.01495
P9709,2016-01-05,-0.007031,-0.009031,-0.022036,-0.021727,0.01168,0.014844
P9709,2016-01-06,0.023969,0.024968999999999998,0.007751999999999999,0.006831,0.00324,0.003243
P9709,2016-01-07,-0.075031,-0.07803099999999999,-0.018,-0.01678,0.016402,0.016009
P9709,2016-01-08,0.016969,0.016969,-0.012472,-0.012263,0.013373,0.014524
P9709,2016-01-11,-0.05903099999999999,-0.061030999999999995,-0.023643,-0.021733000000000002,0.017498,0.016613
P9709,2016-01-12,0.0019690000000000003,0.0029690000000000003,-0.00855,-0.008765,0.0015789999999999999,-0.000791
P9709,2016-01-13,-0.028031,-0.030031,-0.018024000000000002,-0.017074000000000002,0.011762,0.010607
P9709,2016-01-14,0.023969,0.027969,0.016028999999999998,0.015919,-0.015094999999999999,-0.016783000000000003
P9709,2016-01-15,-0.037031,-0.037031,-0.003944,-0.00212,-0.0007030000000000001,-0.002921
P9709,2016-01-18,0.007969,0.009969,0.017562,0.018183,-0.01253,-0.012762
P9709,2016-01-19,0.034969,0.035969,0.011346,0.010068,-0.008198,-0.007242
P9709,2016-01-20,-0.011031000000000001,-0.011031000000000001,0.008088,0.007937999999999999,0.002127,0.002659
P9709,2016-01-21,-0.035031,-0.037031,-0.010939,-0.008864,0.013094,0.010804000000000001
P9709,2016-01-22,0.012969,0.013969,0.005992,0.005288,-0.00405,-0.003694
P9709,2016-01-25,0.007969,0.008969,0.011141,0.010799,-0.001573,-0.001715
P9709,2016-01-26,-0.068031,-0.071031,-0.011809,-0.010613,0.0094,0.008457
P9709,2016-01-27,-0.006031,-0.007031,-0.007098,-0.006773,0.0066170000000000005,0.0048259999999999996
P9709,2016-01-28,-0.033031,-0.036031,-0.017514,-0.017459,0.010081999999999999,0.00911
P9709,2016-01-29,0.033969,0.034969,0.0061719999999999995,0.005729,-0.012143000000000001,-0.011934
P9709,2016-02-01,-0.017031,-0.016031,0.004887,0.005396,-0.002393,-0.001394
P9709,2016-02-02,0.025969,0.028968999999999998,0.015629,0.014740000000000001,-0.011667,-0.010731000000000001
P9709,2016-02-03,-0.002031,-0.001031,0.011775,0.009966,-0.0076040000000000005,-0.007932
P9709,2016-02-04,0.015969,0.017969,0.010163,0.009956,-0.0072510000000000005,-0.005713
P9709,2016-02-05,-0.008031,-0.009031,-0.000897,-0.00023999999999999998,0.003999,0.0034770000000000005
P9709,2016-02-15,-0.005031,-0.004031,0.0057799999999999995,0.006002,-0.0043289999999999995,-0.005163
P9709,2016-02-16,0.036969,0.038969,0.008941,0.008242,-0.010655,-0.009761
P9709,2016-02-17,0.011969,0.012969,0.005593,0.005391,-0.00375,-0.003871
P9709,2016-02-18,-0.003031,-0.002031,0.0026449999999999998,0.003117,0.000271,0.000975
P9709,2016-02-19,0.0009689999999999999,0.0009689999999999999,0.006207,0.005966,-0.0038020000000000003,-0.003386
P9709,2016-02-22,0.023969,0.023969,-0.001503,-0.001517,6e-06,-0.000699
P9709,2016-02-23,-0.008031,-0.008031,0.00448,0.004611,0.001898,0.002794
P9709,2016-02-24,0.0069689999999999995,0.0049689999999999995,-0.004268999999999999,-0.005814,-0.000644,-0.0006730000000000001
P9709,2016-02-25,-0.070031,-0.072031,-0.016681,-0.013824000000000001,0.015763,0.013347
P9709,2016-02-26,0.0069689999999999995,0.0059689999999999995,-0.01267,-0.013266,0.013387,0.010914
P9709,2016-02-29,-0.037031,-0.041031,-0.033742,-0.034312999999999996,0.029757,0.027089
P9709,2016-03-01,0.019969,0.020968999999999998,0.003676,0.002897,-0.007289,-0.006202
P9709,2016-03-02,0.046969,0.047969,0.007642,0.005732,-0.009321,-0.009968000000000001
P9709,2016-03-03,0.0029690000000000003,0.0019690000000000003,7.6e-05,-0.0005679999999999999,-0.000454,0.00036899999999999997
P9709,2016-03-04,-0.002031,-0.007031,-0.040027,-0.038064,0.024526,0.02317
P9709,2016-03-07,0.010969,0.012969,0.019204,0.017799000000000002,-0.011676,-0.011245
P9709,2016-03-08,0.0029690000000000003,0.0029690000000000003,0.009863,0.010434,-0.0017350000000000002,-0.000909
P9709,2016-03-09,-0.016031,-0.017031,-0.007018000000000001,-0.0051990000000000005,0.001791,0.001936
P9709,2016-03-10,-0.020031,-0.019031,0.001602,0.001984,0.001536,0.002777
P9709,2016-03-11,0.0009689999999999999,0.0009689999999999999,-0.004917,-0.004151,0.0032649999999999997,0.0029460000000000003
P9709,2016-03-14,0.022969,0.025969,0.017947,0.017483000000000002,-0.013781,-0.012833
P9709,2016-03-15,-0.002031,-0.002031,-0.005538,-0.0062439999999999996,0.002502,0.0022760000000000002
P9709,2016-03-16,-3.1e-05,-0.002031,-0.008723,-0.008314,0.007953,0.007987000000000001
P9709,2016-03-17,0.017969,0.021969,0.019309,0.019041,-0.016515000000000002,-0.015975
P9709,2016-03-18,0.021969,0.025969,0.018713999999999998,0.017844,-0.017221,-0.016124
P9709,2016-03-21,0.022969,0.024968999999999998,0.004262,0.00432,-0.014804,-0.013066999999999999
P9709,2016-03-22,-0.006031,-0.005031,0.005456,0.005608,8.6e-05,0.0010689999999999999
P9709,2016-03-23,0.0059689999999999995,0.0069689999999999995,0.0065260000000000006,0.0071200000000000005,-0.006314,-0.0063
P9709,2016-03-24,-0.017031,-0.016031,0.00206,0.003514,0.00252,0.0026850000000000003
P9709,2016-03-25,0.0059689999999999995,0.0059689999999999995,0.003958,0.0037020000000000004,-0.002428,-0.00279
P9709,2016-03-28,-0.007031,-0.007031,0.003127,0.0033200000000000005,0.001478,0.001183
P9709,2016-03-29,-0.015031000000000001,-0.016031,-0.009087999999999999,-0.009162,0.0073549999999999996,0.007807
P9709,2016-03-30,0.031969,0.032969,0.011566,0.011526999999999999,-0.006464,-0.0068
P9709,2016-03-31,0.0009689999999999999,0.0019690000000000003,0.004257,0.004016,-0.001342,-0.001584
P9709,2016-04-01,-3.1e-05,-0.001031,-0.003389,-0.0036609999999999998,0.0072510000000000005,0.0067670000000000004
P9709,2016-04-05,0.017969,0.019969,0.013812999999999999,0.012879,-0.012255,-0.011081
P9709,2016-04-06,0.0009689999999999999,0.0019690000000000003,0.00837,0.008343999999999999,-0.004942,-0.005151
P9709,2016-04-07,-0.015031000000000001,-0.016031,-0.000504,9e-06,0.004875,0.00428
P9709,2016-04-08,-0.008031,-0.008031,0.001459,0.000301,-6.4e-05,-0.000134
P9709,2016-04-11,0.017969,0.018969,0.007098,0.006218,-0.003006,-0.0024010000000000004
P9709,2016-04-12,-0.005031,-0.006031,-0.00281,-0.003633,0.001731,0.001118
P9709,2016-04-13,0.014969,0.014969,-0.0006360000000000001,-0.0007160000000000001,-0.001347,-0.00115
P9709,2016-04-14,0.0059689999999999995,0.0069689999999999995,0.008798,0.0076040000000000005,-0.004841,-0.004808
P9709,2016-04-15,-0.001031,-0.002031,0.006696,0.005718,-0.0020469999999999998,-0.002512
P9709,2016-04-18,-0.014031,-0.014031,0.003849,0.00331,0.004106,0.003618
P9709,2016-04-19,0.0029690000000000003,0.0029690000000000003,0.003007,0.002754,-0.002865,-0.002891
P9709,2016-04-20,-0.030031,-0.033031,-0.025431,-0.026195,0.014266999999999998,0.012045
P9709,2016-04-21,-0.008031,-0.009031,-0.0055,-0.005815,0.0060810000000000005,0.006226
P9709,2016-04-22,0.0049689999999999995,0.0059689999999999995,0.007897,0.008225,-0.004082,-0.003225
P9709,2016-04-25,-0.004031,-0.004031,0.002036,0.002008,0.003822,0.003597
P9709,2016-04-26,0.007969,0.008969,0.008131999999999999,0.0074670000000000005,-0.0037530000000000003,-0.004078
P9709,2016-04-27,-0.004031,-0.004031,0.004253,0.004056000000000001,-0.001363,-0.001284
P9709,2016-04-28,-0.002031,-0.002031,4.2e-05,0.0005650000000000001,0.001907,0.001898
P9709,2016-04-29,-0.002031,-0.002031,0.001726,0.00116,-0.0018559999999999998,-0.00168
P9709,2016-05-03,0.021969,0.023969,0.008587000000000001,0.008527,-0.00992,-0.008531
P9709,2016-05-04,-0.001031,-3.1e-05,0.00197,0.002148,0.00047999999999999996,0.0010630000000000001
P9709,2016-05-05,0.0029690000000000003,0.0049689999999999995,0.003839,0.004692,-0.001791,-0.001031
P9709,2016-05-06,-0.032031,-0.033031,-0.014625999999999998,-0.01321,0.012255,0.011441
P9709,2016-05-09,-0.031031,-0.032031,-0.022583000000000002,-0.020191999999999998,0.009274,0.009152
P9709,2016-05-10,-3.1e-05,-3.1e-05,-0.004221,-0.003871,0.00301,0.0030399999999999997
P9709,2016-05-11,-3.1e-05,-0.001031,-0.013759,-0.013278,0.00507,0.005918
P9709,2016-05-12,-3.1e-05,-3.1e-05,-0.005912,-0.005451,0.001541,0.000592
P9709,2016-05-13,-0.003031,-0.003031,0.001935,0.0016920000000000001,0.0022489999999999997,0.0021969999999999997
P9709,2016-05-16,0.010969,0.012969,0.012861000000000001,0.012492,-0.008394,-0.008669
P9709,2016-05-17,-0.002031,-0.001031,-0.000651,-0.000206,-0.003214,-0.002863
P9709,2016-05-18,-0.016031,-0.019031,-0.023526,-0.022083000000000002,0.010177,0.01059
P9709,2016-05-19,0.0009689999999999999,0.0019690000000000003,0.005499,0.004814,-0.0019420000000000001,-0.003014
P9709,2016-05-20,0.007969,0.008969,0.00489,0.0048270000000000006,-0.003589,-0.004503
P9709,2016-05-23,0.008969,0.009969,0.01266,0.012813999999999999,-0.004232,-0.004227000000000001
P9709,2016-05-24,-0.008031,-0.009031,-0.001924,-0.001645,0.0029850000000000002,0.0010279999999999998
P9709,2016-05-25,-0.002031,-0.002031,0.000165,0.00018700000000000002,0.002204,0.00221
P9709,2016-05-26,0.0039689999999999994,0.0039689999999999994,0.001895,0.0019320000000000001,-0.000579,-0.000787
P9709,2016-05-27,-3.1e-05,-0.001031,0.001303,0.00038700000000000003,0.001074,0.002337
P9709,2016-05-30,-3.1e-05,-0.001031,-0.004234,-0.004628,0.00143,0.002082
P9709,2016-05-31,0.035969,0.037969,0.0066040000000000005,0.0066489999999999995,-0.013912,-0.013096
P9709,2016-06-01,0.0009689999999999999,0.0019690000000000003,0.009781,0.00937,-0.0026850000000000003,-0.002427
P9709,2016-06-02,0.0049689999999999995,0.0069689999999999995,0.008078,0.0077870000000000005,-0.002624,-0.002391
P9709,2016-06-03,0.0049689999999999995,0.0049689999999999995,-0.002794,-0.0024760000000000003,-0.003488,-0.002398
P9709,2016-06-06,-3.1e-05,0.0009689999999999999,0.0055780000000000005,0.0047009999999999994,0.000281,-0.0005690000000000001
P9709,2016-06-07,0.0009689999999999999,0.0019690000000000003,0.002064,0.002106,0.000202,0.000654
P9709,2016-06-08,-0.003031,-0.003031,0.00197,0.002082,0.00157,0.002286
P9709,2016-06-13,-0.037031,-0.040031,-0.018293,-0.019111000000000003,0.014865999999999999,0.014029
P9709,2016-06-14,0.0039689999999999994,0.0039689999999999994,0.00123,0.001564,-0.000654,-0.0011220000000000002
P9709,2016-06-15,0.019969,0.022969,0.019063,0.018557,-0.010017,-0.009935
P9709,2016-06-16,-0.004031,-0.004031,0.007624,0.007026,0.000522,0.0018850000000000002
P9709,2016-06-17,0.0059689999999999995,0.0069689999999999995,0.0007059999999999999,0.001294,-0.000858,-0.000426
P9709,2016-06-20,0.0019690000000000003,0.0029690000000000003,0.000958,0.001816,0.003052,0.0019489999999999998
P9709,2016-06-21,-0.005031,-0.006031,-0.007842,-0.006758,0.000499,-0.00081
P9709,2016-06-22,0.011969,0.012969,0.008234,0.007739,-0.003622,-0.002018
P9709,2016-06-23,-0.003031,-0.003031,0.000822,0.0007700000000000001,-0.001011,-0.0009019999999999999
P9709,2016-06-24,-0.010031,-0.010031,0.00218,0.002392,0.001309,0.000758
P9709,2016-06-27,0.016969,0.018969,0.007889,0.007844,-0.00859,-0.007377
P9709,2016-06-28,0.0069689999999999995,0.008969,0.005866,0.0053479999999999995,-0.005268,-0.005309
P9709,2016-06-29,0.0049689999999999995,0.0049689999999999995,-0.0024809999999999997,-0.002709,0.003817,0.004004
P9709,2016-06-30,0.0009689999999999999,-3.1e-05,0.0006519999999999999,0.00040899999999999997,-0.001541,-0.0006889999999999999
P9709,2016-07-01,-3.1e-05,-3.1e-05,-0.001052,-0.000426,0.006037,0.006016
P9709,2016-07-04,0.017969,0.017969,0.0008810000000000001,0.00040199999999999996,0.00032900000000000003,0.0006799999999999999
P9709,2016-07-05,0.0039689999999999994,0.0049689999999999995,0.0033729999999999997,0.0033829999999999997,0.001823,0.0022489999999999997
P9709,2016-07-06,0.0039689999999999994,0.0039689999999999994,0.0017219999999999998,0.0025050000000000003,-0.001501,0.000391
P9709,2016-07-07,0.0009689999999999999,0.0009689999999999999,0.001551,0.001385,0.0035310000000000003,0.004452
P9709,2016-07-08,-0.005031,-0.005031,0.003768,0.002939,-0.004212,-0.003307
P9709,2016-07-11,0.0009689999999999999,-0.001031,-0.007696,-0.0084,0.004083,0.0038079999999999998
P9709,2016-07-12,0.016969,0.016969,-0.008124,-0.007861,0.0065980000000000006,0.006520000000000001
P9709,2016-07-13,0.0069689999999999995,0.0069689999999999995,0.000925,0.00043,-0.001583,-0.002512
P9709,2016-07-14,-0.002031,-0.001031,0.0043549999999999995,0.0042,-0.004105,-0.003189
P9709,2016-07-15,-3.1e-05,-0.001031,-0.002872,-0.003152,0.0055439999999999994,0.005441
P9709,2016-07-18,-0.003031,-0.004031,-0.0008609999999999999,-0.0012369999999999998,0.0022129999999999997,0.001058
P9709,2016-07-19,-0.001031,-3.1e-05,0.007037999999999999,0.007264,-0.006887999999999999,-0.006981
P9709,2016-07-20,-0.002031,-0.002031,0.005065999999999999,0.004852,-0.00307,-0.002686
P9709,2016-07-21,0.0029690000000000003,0.0029690000000000003,-0.0018780000000000001,-0.002977,-0.001017,-0.001385
P9709,2016-07-22,-0.008031,-0.009031,-0.0026,-0.003152,-0.004286,-0.004452
P9709,2016-07-25,0.0009689999999999999,0.0009689999999999999,0.0016359999999999999,0.001315,0.001125,0.001355
P9709,2016-07-26,0.011969,0.011969,0.0009939999999999999,0.0006360000000000001,-0.000512,-0.000525
P9709,2016-07-27,-0.026031,-0.030031,-0.0255,-0.025343,0.021762,0.020513
P9709,2016-07-28,-3.1e-05,-3.1e-05,-0.001934,-0.002945,0.006239,0.00605
P9709,2016-07-29,-0.005031,-0.005031,-0.00183,-0.0019149999999999998,0.004461,0.004877
P9709,2016-08-01,-0.010031,-0.011031000000000001,-0.007090000000000001,-0.006391,0.009003,0.007311
P9709,2016-08-02,0.0059689999999999995,0.007969,0.0051259999999999995,0.004995,-0.003329,-0.0032869999999999996
P9709,2016-08-03,0.0019690000000000003,0.0029690000000000003,0.005151,0.0043549999999999995,-0.001134,-0.0008320000000000001
P9709,2016-08-04,0.0029690000000000003,0.0039689999999999994,0.00225,0.002242,-0.005236,-0.005017
P9709,2016-08-05,-0.002031,-0.002031,-0.002706,-0.003295,0.006189,0.006115
P9709,2016-08-08,0.009969,0.009969,0.000525,-0.0006450000000000001,-0.0008359999999999999,-0.0013
P9709,2016-08-09,0.007969,0.008969,0.003147,0.003653,-0.00526,-0.005340999999999999
P9709,2016-08-10,-0.003031,-0.002031,0.001536,0.002487,0.002362,0.002584
P9709,2016-08-11,-0.006031,-0.007031,-0.00902,-0.008944,0.009294,0.008368
P9709,2016-08-12,0.015969,0.015969,-0.003853,-0.004379,0.006893000000000001,0.006745999999999999
P9709,2016-08-15,0.024968999999999998,0.025969,-0.004654,-0.003691,-0.00042300000000000004,0.000217
P9709,2016-08-16,-0.002031,-0.001031,0.010039,0.009387999999999999,-0.009063,-0.008275
P9709,2016-08-17,-3.1e-05,0.0009689999999999999,0.005158,0.005363000000000001,-0.0033,-0.002356
P9709,2016-08-18,-0.001031,-0.001031,0.003711,0.002639,-0.00105,-0.000499
P9709,2016-08-19,0.0019690000000000003,0.0019690000000000003,0.002404,0.0028280000000000002,0.000493,0.001106
P9709,2016-08-22,-0.008031,-0.009031,-0.002583,-0.002389,0.0044659999999999995,0.003561
P9709,2016-08-23,0.0019690000000000003,0.0029690000000000003,0.0019039999999999999,0.002032,0.00088,0.0009289999999999999
P9709,2016-08-24,-3.1e-05,0.0009689999999999999,0.005365,0.006177,-0.003392,-0.003005
P9709,2016-08-25,-0.006031,-0.005031,0.001973,0.002065,0.003625,0.0036630000000000005
P9709,2016-08-26,0.0009689999999999999,0.0009689999999999999,0.0039049999999999996,0.004078,-0.004547,-0.0038090000000000003
P9709,2016-08-29,0.0009689999999999999,0.0009689999999999999,0.0036479999999999998,0.002898,-0.002509,-0.001924
P9709,2016-08-30,0.0019690000000000003,0.0009689999999999999,-0.001131,-0.0016899999999999999,0.0010789999999999999,0.000999
P9709,2016-08-31,0.0029690000000000003,0.0029690000000000003,-0.001299,-0.0013779999999999999,0.001534,0.001358
P9709,2016-09-01,-0.007031,-0.007031,-0.000344,-2.2e-05,0.000352,0.000286
P9709,2016-09-02,-3.1e-05,-0.001031,-0.002523,-0.002732,0.0037450000000000005,0.003293
P9709,2016-09-05,0.0029690000000000003,0.0029690000000000003,0.004190999999999999,0.004116,0.000234,0.00014
P9709,2016-09-06,0.008969,0.009969,0.006874,0.006537,-0.007573999999999999,-0.007951
P9709,2016-09-07,-3.1e-05,-3.1e-05,0.0020239999999999998,0.001492,0.002301,0.002065
P9709,2016-09-08,0.0019690000000000003,0.0019690000000000003,0.005588,0.005136,-0.00114,-0.001161
P9709,2016-09-09,-0.006031,-0.006031,-0.000128,-0.000195,0.00067,0.001215
P9709,2016-09-12,-0.022031,-0.023031,-0.009155,-0.009126,0.010528000000000001,0.009969
P9709,2016-09-13,0.0019690000000000003,0.0029690000000000003,0.010126000000000001,0.009103,-0.003288,-0.0028510000000000002
P9709,2016-09-14,-0.007031,-0.006031,0.002291,0.0018399999999999998,-0.004076,-0.0038280000000000002
P9709,2016-09-19,0.008969,0.009969,0.004833,0.00505,-0.002982,-0.0027600000000000003
P9709,2016-09-20,-0.001031,-0.001031,0.003017,0.002284,0.0008460000000000001,6.1e-05
P9709,2016-09-21,0.0019690000000000003,0.0019690000000000003,0.000597,0.000644,-0.000319,-0.000679
P9709,2016-09-22,0.0069689999999999995,0.0059689999999999995,0.00022999999999999998,0.000814,0.000685,0.000999
P9709,2016-09-23,-0.003031,-0.003031,0.000582,0.000413,0.000638,0.000974
P9709,2016-09-26,-0.018031000000000002,-0.019031,-0.004052,-0.004453,0.005817,0.004828
P9709,2016-09-27,0.0069689999999999995,0.0069689999999999995,0.0016899999999999999,0.0015279999999999998,-0.0014990000000000001,-0.001943
P9709,2016-09-28,-0.003031,-0.003031,0.000558,2.8000000000000003e-05,-0.001341,-0.001588
P9709,2016-09-29,0.0039689999999999994,0.0039689999999999994,0.001277,0.000475,-0.000439,-0.000932
P9709,2016-09-30,0.0029690000000000003,0.0029690000000000003,0.00266,0.00203,-0.0034729999999999995,-0.003189
P9709,2016-10-10,0.015969,0.016969,0.0053159999999999995,0.006252000000000001,-0.0077670000000000005,-0.006887000000000001
P9709,2016-10-11,0.0049689999999999995,0.0059689999999999995,0.003544,0.0033380000000000003,-0.002555,-0.001241
P9709,2016-10-12,-0.001031,-3.1e-05,0.0036490000000000003,0.003589,-0.003346,-0.002352
P9709,2016-10-13,0.0009689999999999999,0.0009689999999999999,0.002363,0.002357,-4e-05,0.001135
P9709,2016-10-14,-3.1e-05,-3.1e-05,-0.0008470000000000001,-0.00038199999999999996,0.001935,0.002438
P9709,2016-10-17,-0.008031,-0.008031,-0.000869,-0.000407,0.003887,0.004778
P9709,2016-10-18,0.013969,0.014969,0.002741,0.002333,-0.000123,-0.000365
P9709,2016-10-19,-3.1e-05,-3.1e-05,0.00294,0.002723,0.000558,0.00058
P9709,2016-10-20,0.0009689999999999999,0.0009689999999999999,0.00262,0.0035770000000000003,4.9e-05,0.000204
P9709,2016-10-21,0.0009689999999999999,-3.1e-05,-0.00432,-0.004903,0.005031,0.004229
P9709,2016-10-24,0.010969,0.010969,-0.0018170000000000003,-0.002329,0.003872,0.0031309999999999997
P9709,2016-10-25,0.0019690000000000003,0.0019690000000000003,0.0043549999999999995,0.003322,-0.00027400000000000005,-0.000601
P9709,2016-10-26,-0.005031,-0.005031,0.0019809999999999997,0.00081,-0.001526,-0.0014199999999999998
P9709,2016-10-27,-0.002031,-0.001031,0.00264,0.00352,-0.002151,-0.001662
P9709,2016-10-28,-0.004031,-0.004031,-0.006745999999999999,-0.005099,0.005098,0.0047079999999999995
P9709,2016-10-31,-0.001031,-0.001031,0.002501,0.0029579999999999997,0.002306,0.002921
P9709,2016-11-01,0.007969,0.008969,0.007228,0.008376,-0.002646,-0.003407
P9709,2016-11-02,-0.007031,-0.007031,0.003929,0.005287,-0.001137,-0.001749
P9709,2016-11-03,0.007969,0.007969,0.0024230000000000002,0.0022949999999999997,0.001725,9e-06
P9709,2016-11-04,-0.003031,-0.002031,0.002339,0.002997,0.000323,0.0006580000000000001
P9709,2016-11-07,0.0019690000000000003,0.0019690000000000003,0.001648,0.00158,0.004726,0.006211
P9709,2016-11-08,0.0049689999999999995,0.0059689999999999995,0.00109,0.001307,-0.003052,-0.003365
P9709,2016-11-09,-0.006031,-0.006031,0.000901,0.00041500000000000006,0.0013050000000000002,0.0005740000000000001
P9709,2016-11-10,0.012969,0.013969,0.005829,0.006071,0.0009310000000000001,0.0017629999999999998
P9709,2016-11-11,0.0069689999999999995,0.0069689999999999995,-0.001273,-0.001545,0.004103,0.004759
P9709,2016-11-14,0.0039689999999999994,0.0039689999999999994,-0.000433,-0.00042199999999999996,0.001125,0.0008460000000000001
P9709,2016-11-15,0.0009689999999999999,0.0009689999999999999,0.00428,0.005047,-0.006770999999999999,-0.0061990000000000005
P9709,2016-11-16,-3.1e-05,0.0009689999999999999,0.000384,6e-06,-0.003011,-0.002982
P9709,2016-11-17,-3.1e-05,-3.1e-05,-0.002451,-0.002947,0.0027140000000000003,0.002928
P9709,2016-11-18,-0.004031,-0.003031,0.0034509999999999996,0.005047,-0.000518,-0.0005139999999999999
P9709,2016-11-21,0.0069689999999999995,0.0069689999999999995,0.000223,0.001308,0.0075239999999999994,0.008187
P9709,2016-11-22,0.009969,0.009969,0.0017690000000000002,0.001295,0.001418,0.000134
P9709,2016-11-23,-0.002031,-0.003031,-0.004679,-0.005429,0.002886,0.002516
P9709,2016-11-24,-0.001031,-0.001031,-0.006137,-0.006319,0.005023,0.004636
P9709,2016-11-25,0.0069689999999999995,0.0069689999999999995,-0.006601,-0.0066359999999999995,0.003151,0.0024980000000000002
P9709,2016-11-28,0.0039689999999999994,0.0029690000000000003,-0.004804999999999999,-0.006718000000000001,0.004972,0.003833
P9709,2016-11-29,-3.1e-05,-0.002031,-0.017341,-0.016395,0.005099,0.004790999999999999
P9709,2016-11-30,-0.009031,-0.007031,0.0037409999999999995,0.004703,-0.007859,-0.006915
P9709,2016-12-01,0.0069689999999999995,0.0069689999999999995,0.000283,-0.000575,0.004935,0.003647
P9709,2016-12-02,-0.010031,-0.012031,-0.008648000000000001,-0.008534,0.008029999999999999,0.007061
P9709,2016-12-05,-0.011031000000000001,-0.010031,0.0040149999999999995,0.0041270000000000005,-0.00318,-0.003007
P9709,2016-12-06,-0.001031,-3.1e-05,0.006154,0.005744,-0.0033159999999999995,-0.003153
P9709,2016-12-07,0.0069689999999999995,0.007969,0.006634,0.005183,-0.002532,-0.00281
P9709,2016-12-08,-0.003031,-0.004031,-0.002447,-0.003015,0.002739,0.002623
P9709,2016-12-09,0.0049689999999999995,0.0029690000000000003,-0.0063170000000000006,-0.006670000000000001,0.008318,0.007418999999999999
P9709,2016-12-12,-0.030031,-0.034031,-0.023925,-0.023528,0.025311,0.02446
P9709,2016-12-13,0.0009689999999999999,0.0009689999999999999,0.005319,0.0035979999999999996,-0.0016809999999999998,-0.000698
P9709,2016-12-14,-0.005031,-0.006031,0.002837,0.001097,0.001808,0.001351
P9709,2016-12-15,-0.006031,-0.003031,0.017677000000000002,0.015883,-0.014776,-0.013737000000000001
P9709,2016-12-16,0.0039689999999999994,0.0049689999999999995,0.009715000000000001,0.008846,-0.00812,-0.006384
P9709,2016-12-19,-0.002031,-0.002031,0.005005,0.003811,0.003454,0.00315
P9709,2016-12-20,-0.005031,-0.004031,0.003535,0.005217,-0.005168,-0.005548
P9709,2016-12-21,0.009969,0.009969,-0.000357,0.001303,0.002538,0.001194
P9709,2016-12-22,-3.1e-05,-3.1e-05,-0.000442,-0.00101,0.000305,0.000283
P9709,2016-12-23,-0.009031,-0.010031,-0.005174,-0.004446,0.000897,-0.000743
P9709,2016-12-26,0.0049689999999999995,0.0039689999999999994,0.002079,0.002433,0.00010700000000000001,0.000759
P9709,2016-12-27,-0.001031,-0.001031,0.007084,0.005808,-0.0020050000000000003,-0.001604
P9709,2016-12-28,-0.004031,-0.004031,0.00074,4e-05,-0.00040899999999999997,-0.000354
P9709,2016-12-29,-0.002031,-0.002031,-0.0009050000000000001,-0.001644,0.002175,0.001811
P9709,2016-12-30,0.0029690000000000003,0.0019690000000000003,-0.0023079999999999997,-0.002441,9.1e-05,0.000133
P9709,2017-01-03,0.009969,0.009969,0.00134,0.001228,0.0014759999999999999,0.0012720000000000001
P9709,2017-01-04,0.008969,0.008969,0.0031899999999999997,0.002434,-0.003971,-0.0035810000000000004
P9709,2017-01-05,0.0019690000000000003,0.0009689999999999999,0.00045599999999999997,-0.000433,0.000684,0.0005070000000000001
P9709,2017-01-06,-0.004031,-0.006031,-0.001533,-0.00243,0.005034,0.004379
P9709,2017-01-09,0.0049689999999999995,0.0049689999999999995,-0.00041900000000000005,-0.00108,0.000312,-0.000123
P9709,2017-01-10,-0.003031,-0.003031,0.000398,0.000825,0.000877,0.00088
P9709,2017-01-11,-0.008031,-0.009031,-0.005833,-0.005294,0.00025,0.000462
P9709,2017-01-12,-0.006031,-0.007031,-0.003882,-0.0033179999999999998,0.0036200000000000004,0.0038640000000000002
P9709,2017-01-13,-0.004031,-0.007031,-0.015747,-0.014568000000000001,0.009487,0.009498000000000001
P9709,2017-01-16,-0.011031000000000001,-0.015031000000000001,-0.035480000000000005,-0.033743,0.025362,0.024761000000000002
P9709,2017-01-17,0.0049689999999999995,0.0059689999999999995,0.006904,0.006599,-0.005987,-0.006435
P9709,2017-01-18,0.0009689999999999999,-0.001031,-0.003482,-0.004503,0.005232,0.0036880000000000003
P9709,2017-01-19,-0.004031,-0.004031,-0.001391,-0.0016760000000000002,-0.000852,-0.001266
P9709,2017-01-20,0.008969,0.009969,0.008984,0.00851,-0.006913,-0.007056000000000001
P9709,2017-01-23,0.0059689999999999995,0.0069689999999999995,0.006333,0.006111999999999999,-0.0034869999999999996,-0.0027
P9709,2017-01-24,0.0019690000000000003,0.0009689999999999999,-0.00268,-0.003489,0.007847,0.0076170000000000005
P9709,2017-01-25,0.0019690000000000003,0.0039689999999999994,0.000509,0.0019329999999999998,-0.0006730000000000001,-0.000657
P9709,2017-01-26,0.0049689999999999995,0.0049689999999999995,0.0008269999999999999,0.000997,-0.001984,-0.002426
P9709,2017-02-03,-0.006031,-0.006031,0.001338,0.0013859999999999999,-0.003669,-0.003604
P9709,2017-02-06,0.0059689999999999995,0.0069689999999999995,0.006864,0.006995,-0.002797,-0.001927
P9709,2017-02-07,-0.001031,-0.001031,0.004294,0.003571,0.00021899999999999998,0.00032900000000000003
P9709,2017-02-08,0.0049689999999999995,0.0059689999999999995,0.002938,0.00299,-0.0028420000000000003,-0.002928
P9709,2017-02-09,0.0059689999999999995,0.0059689999999999995,0.005246,0.004444,-0.000167,-0.000637
P9709,2017-02-10,0.0029690000000000003,0.0019690000000000003,-0.002128,-0.00371,0.010992,0.008620000000000001
P9709,2017-02-13,0.0069689999999999995,0.0069689999999999995,-0.0011769999999999999,-0.000475,-0.000453,-0.000965
P9709,2017-02-14,-3.1e-05,-3.1e-05,-0.000539,-0.000488,0.002746,0.002157
P9709,2017-02-15,-0.003031,-0.003031,-0.006409000000000001,-0.005035,0.005045,0.005817
P9709,2017-02-16,0.0049689999999999995,0.0059689999999999995,0.003046,0.001768,-0.000762,-0.00073
P9709,2017-02-17,-0.008031,-0.008031,-0.002792,-0.002211,-0.001168,-0.0033539999999999998
P9709,2017-02-20,0.012969,0.011969,-0.004004,-0.004103,0.00703,0.005202
P9709,2017-02-21,0.0049689999999999995,0.0059689999999999995,0.003295,0.003478,-0.005065999999999999,-0.005098
P9709,2017-02-22,0.0029690000000000003,0.0039689999999999994,0.00292,0.003452,0.000985,-0.001393
P9709,2017-02-23,-0.003031,-0.001031,-0.000412,0.0014,-0.00472,-0.004304
P9709,2017-02-24,-3.1e-05,0.0019690000000000003,0.003014,0.003779,-0.004783,-0.00355
P9709,2017-02-27,-0.008031,-0.007031,-0.00010800000000000001,0.0006129999999999999,-0.002598,-0.003351
P9709,2017-02-28,0.0029690000000000003,0.0049689999999999995,0.001485,0.000801,0.001007,0.0009720000000000001
P9709,2017-03-01,0.0019690000000000003,0.0019690000000000003,0.0026190000000000002,0.00198,-0.000571,-0.00011
P9709,2017-03-02,-0.006031,-0.005031,-0.003018,-0.001979,0.000908,0.001199
P9709,2017-03-03,-0.002031,-0.001031,0.002189,0.002991,-0.005736,-0.0044399999999999995
P9709,2017-03-06,0.0059689999999999995,0.007969,0.005879,0.0061329999999999996,-0.00457,-0.003875
P9709,2017-03-07,0.0029690000000000003,0.0029690000000000003,0.000297,0.00058,-0.001178,-0.0006580000000000001
P9709,2017-03-08,-0.002031,-0.002031,-0.001484,-0.001469,0.002741,0.002761
P9709,2017-03-09,-0.007031,-0.007031,-4.3e-05,0.000331,-0.003249,-0.0030039999999999997
P9709,2017-03-10,-3.1e-05,-3.1e-05,0.000446,0.00046699999999999997,0.001737,0.001482
P9709,2017-03-13,0.007969,0.007969,-0.002681,-0.002473,0.0011330000000000001,0.0010400000000000001
P9709,2017-03-14,-3.1e-05,-3.1e-05,-0.00011399999999999999,-9e-05,0.002897,0.0030039999999999997
P9709,2017-03-15,-3.1e-05,0.0009689999999999999,-0.001875,-0.001716,0.001999,0.001986
P9709,2017-03-16,0.0069689999999999995,0.008969,0.005083,0.004683,-0.001698,-0.001086
P9709,2017-03-17,-0.009031,-0.009031,0.002304,0.002532,-0.00232,-0.0036880000000000003
P9709,2017-03-20,0.0039689999999999994,0.0039689999999999994,0.001955,0.002362,0.002651,0.0024760000000000003
P9709,2017-03-21,0.0039689999999999994,0.0039689999999999994,-0.002015,-0.001702,0.00032,0.0008359999999999999
P9709,2017-03-22,-0.006031,-0.005031,-0.001265,-0.000541,-0.002389,-0.001395
P9709,2017-03-23,0.0019690000000000003,0.0009689999999999999,-0.001684,-0.0019199999999999998,0.002515,0.0022719999999999997
P9709,2017-03-24,0.0059689999999999995,0.0059689999999999995,-0.002944,-0.0030989999999999998,0.0035020000000000003,0.0034409999999999996
P9709,2017-03-27,-0.002031,-0.001031,-0.00054,-0.000983,0.0013650000000000001,0.0013160000000000001
P9709,2017-03-28,-0.003031,-0.003031,0.00035099999999999997,8.1e-05,-0.001678,-0.0014199999999999998
P9709,2017-03-29,-0.002031,-0.004031,-0.004989,-0.0052640000000000004,0.007423000000000001,0.004607
P9709,2017-03-30,-0.011031000000000001,-0.013031000000000001,-0.013106999999999999,-0.012475,0.01057,0.007954000000000001
P9709,2017-03-31,0.0049689999999999995,0.0039689999999999994,-0.005714,-0.004823,0.000169,0.001492
P9709,2017-04-05,0.015969,0.016969,0.005887,0.0051600000000000005,-0.002421,-0.002144
P9709,2017-04-06,0.0029690000000000003,0.0029690000000000003,0.001808,0.001438,0.000837,0.001269
P9709,2017-04-07,0.0019690000000000003,0.0009689999999999999,-0.0014470000000000002,-0.002313,0.001663,0.003127
P9709,2017-04-10,-0.005031,-0.007031,-0.0052380000000000005,-0.0065780000000000005,0.008088,0.006651000000000001
P9709,2017-04-11,0.0049689999999999995,0.0059689999999999995,0.00295,0.0018780000000000001,-0.0017850000000000001,-0.001116
P9709,2017-04-12,-0.004031,-0.005031,-0.0070079999999999995,-0.007106,0.003912,0.004734
P9709,2017-04-13,0.0019690000000000003,0.0019690000000000003,0.0009609999999999999,-0.000808,-0.001286,-0.001023
P9709,2017-04-14,-0.011031000000000001,-0.011031000000000001,-0.007965999999999999,-0.006861,0.001557,0.0021149999999999997
P9709,2017-04-17,-0.007031,-0.010031,-0.013258,-0.012436,0.007802,0.0074340000000000005
P9709,2017-04-18,-0.008031,-0.008031,-0.004443,-0.0035409999999999994,0.001228,0.002258
P9709,2017-04-19,-0.010031,-0.008031,-0.007090000000000001,-0.00547,0.001633,0.0021149999999999997
P9709,2017-04-20,-3.1e-05,-3.1e-05,-0.009364,-0.008024,-0.002682,-0.001939
P9709,2017-04-21,0.0009689999999999999,-3.1e-05,-0.004539,-0.004075,0.008032,0.006919
P9709,2017-04-24,-0.017031,-0.018031000000000002,-0.020771,-0.018132,0.013032,0.013458000000000001
P9709,2017-04-25,0.0029690000000000003,0.0029690000000000003,0.001234,0.001709,-2.8000000000000003e-05,-2.8999999999999997e-05
P9709,2017-04-26,0.0029690000000000003,0.0029690000000000003,0.00248,0.0019489999999999998,0.001407,0.0016059999999999998
P9709,2017-04-27,0.0029690000000000003,0.0049689999999999995,0.004516,0.004154,-0.000587,-0.002107
P9709,2017-04-28,0.0019690000000000003,0.0019690000000000003,0.008723,0.007275,-0.0008,-0.001343
P9709,2017-05-02,-0.003031,-0.003031,0.00745,0.005968,-0.0017219999999999998,-0.001727
P9709,2017-05-03,-0.004031,-0.003031,0.003157,0.003078,-0.002447,-0.0023190000000000003
P9709,2017-05-04,-0.002031,-0.002031,0.0011560000000000001,0.002514,0.002373,0.0028699999999999997
P9709,2017-05-05,-0.008031,-0.009031,-0.005517,-0.004956,0.005024,0.005403
P9709,2017-05-08,-0.011031000000000001,-0.012031,-0.013849,-0.013364,0.004141,0.002711
P9709,2017-05-09,0.0019690000000000003,0.0029690000000000003,0.0041140000000000005,0.0035789999999999997,-0.002055,-0.0018920000000000002
P9709,2017-05-10,-0.009031,-0.010031,-0.010622,-0.008990999999999999,0.006763,0.007279000000000001
P9709,2017-05-11,0.0029690000000000003,0.0019690000000000003,-0.010158,-0.010378,0.010817,0.010579999999999999
P9709,2017-05-12,0.0069689999999999995,0.0059689999999999995,-0.007279000000000001,-0.007006,0.007867,0.007497
P9709,2017-05-15,0.0029690000000000003,0.0029690000000000003,-0.000667,-0.0016870000000000001,-0.002419,-0.001666
P9709,2017-05-16,0.010969,0.012969,0.011356999999999999,0.010757,-0.012703,-0.010471
P9709,2017-05-17,-0.003031,-0.002031,0.008158,0.00719,-0.003001,-0.004053
P9709,2017-05-18,-0.004031,-0.005031,-0.002169,-0.001887,-0.000331,-0.0005480000000000001
P9709,2017-05-19,0.0009689999999999999,-3.1e-05,-0.001685,-0.001743,0.000983,0.00158
P9709,2017-05-22,-0.004031,-0.008031,-0.018201,-0.017263,0.010889,0.010329000000000001
P9709,2017-05-23,-0.006031,-0.010031,-0.027406,-0.026599,0.017112,0.016345
P9709,2017-05-24,0.0019690000000000003,0.0029690000000000003,0.0034289999999999998,0.003399,-0.001353,-0.0021780000000000002
P9709,2017-05-25,0.013969,0.012969,-0.005214,-0.00561,0.008166,0.007776000000000001
P9709,2017-05-26,-3.1e-05,0.0009689999999999999,0.00014199999999999998,0.000642,0.002089,0.001963
P9709,2017-05-31,0.0019690000000000003,0.0009689999999999999,-0.003622,-0.003701,0.004752,0.006092
P9709,2017-06-01,-0.006031,-0.010031,-0.023433000000000002,-0.022338999999999998,0.014821,0.015171
P9709,2017-06-02,0.0009689999999999999,0.0029690000000000003,0.009994,0.009104000000000001,-0.004635,-0.004668
P9709,2017-06-05,-0.003031,-0.001031,0.011647,0.010836,-0.010078,-0.010199
P9709,2017-06-06,0.0049689999999999995,0.0049689999999999995,-0.000362,-0.000103,-0.003136,-0.002293
P9709,2017-06-07,0.014969,0.016969,0.009639,0.009399,-0.006251,-0.006619
P9709,2017-06-08,0.0039689999999999994,0.0029690000000000003,-0.003988,-0.003278,-0.000147,0.000143
P9709,2017-06-09,0.0029690000000000003,0.0029690000000000003,-0.002322,-0.0009570000000000001,-0.0017289999999999999,-0.0024649999999999997
P9709,2017-06-12,-0.005031,-0.008031,-0.011547,-0.011498,0.006818,0.007070999999999999
P9709,2017-06-13,0.0059689999999999995,0.007969,0.008529,0.008693000000000001,-0.007065999999999999,-0.0066
P9709,2017-06-14,-0.006031,-0.006031,0.006718000000000001,0.006731999999999999,-0.003404,-0.003889
P9709,2017-06-15,0.0009689999999999999,0.0039689999999999994,0.01116,0.010468,-0.009263,-0.009493999999999999
P9709,2017-06-16,-0.002031,-0.002031,-0.000608,-0.000557,-0.00121,-0.0016940000000000002
P9709,2017-06-19,0.0069689999999999995,0.0069689999999999995,0.000989,0.001124,-0.001134,-0.000572
P9709,2017-06-20,-3.1e-05,-3.1e-05,0.000674,0.00028399999999999996,0.000153,-0.000572
P9709,2017-06-21,0.0059689999999999995,0.0049689999999999995,-0.004872,-0.005017,0.000478,0.000758
P9709,2017-06-22,-0.004031,-0.006031,-0.015788999999999997,-0.014332,0.011332,0.010886
P9709,2017-06-23,0.0049689999999999995,0.0039689999999999994,-0.0057280000000000005,-0.005902,0.000749,0.000552
P9709,2017-06-26,0.009969,0.010969,0.001281,-3.3e-05,-0.0028640000000000002,-0.002672
P9709,2017-06-27,0.0019690000000000003,0.0019690000000000003,0.002448,0.00201,0.0006190000000000001,0.000263
P9709,2017-06-28,-0.006031,-0.006031,-0.001289,-0.001213,0.003855,0.002168
P9709,2017-06-29,0.0059689999999999995,0.0059689999999999995,-0.0013570000000000001,-0.001782,-0.000463,-0.000915
P9709,2017-06-30,0.0019690000000000003,0.0019690000000000003,-0.00048499999999999997,-8e-05,-0.000499,0.000245
P9709,2017-07-03,0.0009689999999999999,0.0019690000000000003,0.010986,0.010181,0.0012779999999999998,-0.0005650000000000001
P9709,2017-07-04,-0.004031,-0.004031,0.0034549999999999997,0.003624,-0.000361,-0.00035499999999999996
P9709,2017-07-05,0.008969,0.008969,-0.001279,-0.00066,-0.000654,-0.0008179999999999999
P9709,2017-07-06,0.0019690000000000003,0.0019690000000000003,0.000177,0.000518,0.001085,0.000826
P9709,2017-07-07,0.0009689999999999999,0.0019690000000000003,0.004797999999999999,0.004862,0.001983,0.00132
P9709,2017-07-10,-0.001031,-0.003031,-0.004311,-0.0062450000000000006,0.003564,0.003031
P9709,2017-07-11,-3.1e-05,-0.002031,-0.014516,-0.014112000000000001,0.004412,0.00492
P9709,2017-07-12,-0.001031,-0.001031,-0.000601,0.000545,0.002788,0.00335
P9709,2017-07-13,0.0069689999999999995,0.0059689999999999995,-0.005898,-0.006695,0.005346,0.0050219999999999996
P9709,2017-07-14,0.0019690000000000003,0.0009689999999999999,-0.007567,-0.007116,0.007352,0.007815
P9709,2017-07-17,-0.018031000000000002,-0.024031,-0.041707999999999995,-0.039369,0.026158999999999998,0.026007
P9709,2017-07-18,0.0029690000000000003,0.0039689999999999994,0.007665000000000001,0.006514,-0.00158,-0.0008710000000000001
P9709,2017-07-19,0.014969,0.014969,-0.002034,-0.003407,0.001429,0.002252
P9709,2017-07-20,0.0049689999999999995,0.0049689999999999995,-0.001125,-0.001586,-0.0032119999999999996,-0.002907
P9709,2017-07-21,-0.002031,-0.002031,0.000687,-0.00186,-0.002564,-0.0046700000000000005
P9709,2017-07-24,0.0039689999999999994,0.0049689999999999995,0.0026219999999999998,0.004196,0.00044800000000000005,0.0029920000000000003
P9709,2017-07-25,-0.001031,-0.002031,0.000167,0.00021099999999999998,0.001532,-6.3e-05
P9709,2017-07-26,0.0009689999999999999,-3.1e-05,0.0031850000000000003,0.002479,0.005399,0.003988
P9709,2017-07-27,0.0029690000000000003,0.0049689999999999995,0.012912,0.012503,-0.009758,-0.010954
P9709,2017-07-28,0.0019690000000000003,0.0019690000000000003,-0.0041340000000000005,-0.004997,-0.001286,-0.001657
P9709,2017-07-31,0.0059689999999999995,0.0059689999999999995,0.002293,0.000504,0.002384,0.000802
P9709,2017-08-01,0.0059689999999999995,0.0059689999999999995,-0.004756,-0.0034270000000000004,0.002913,0.003258
P9709,2017-08-02,-0.002031,-0.003031,-0.006833,-0.006579000000000001,0.005762,0.006279
P9709,2017-08-03,-0.004031,-0.003031,0.010334000000000001,0.009151000000000001,-0.002972,-0.004306
P9709,2017-08-04,-0.004031,-0.004031,-1.1e-05,-0.0009369999999999999,-0.000102,-0.00032900000000000003
P9709,2017-08-07,0.0059689999999999995,0.0059689999999999995,0.000843,2.6000000000000002e-05,-0.004045,-0.004515
P9709,2017-08-08,0.0019690000000000003,0.0019690000000000003,0.001387,0.002164,-0.003942,-0.00268
P9709,2017-08-09,-0.002031,-0.001031,0.0013160000000000001,0.00022,-0.007751999999999999,-0.008288
P9709,2017-08-10,-0.005031,-0.006031,-0.00602,-0.006753,-0.000557,0.00019099999999999998
P9709,2017-08-11,-0.017031,-0.017031,-9.300000000000001e-05,0.0014089999999999999,-0.002987,-0.0018510000000000002
P9709,2017-08-14,0.011969,0.012969,0.006146,0.006064,-0.010452,-0.0102
P9709,2017-08-15,0.0059689999999999995,0.0049689999999999995,-0.0008230000000000001,-0.000103,0.002507,0.002118
P9709,2017-08-16,-3.1e-05,0.0009689999999999999,0.007223,0.007801000000000001,-0.004129,-0.003544
P9709,2017-08-17,0.0069689999999999995,0.0069689999999999995,0.0041979999999999995,0.003378,0.000729,-0.000795
P9709,2017-08-18,-3.1e-05,-0.001031,-0.003632,-0.003824,0.003032,0.004137
P9709,2017-08-21,0.0059689999999999995,0.0069689999999999995,0.002329,0.002395,-0.001391,-0.00206
P9709,2017-08-22,-3.1e-05,-3.1e-05,-0.007065999999999999,-0.005909,0.005477,0.005905
P9709,2017-08-23,-3.1e-05,-0.001031,-0.0035210000000000003,-0.002388,0.001602,0.0025559999999999997
P9709,2017-08-24,-0.005031,-0.005031,-0.0009,-0.000362,0.002558,0.002978
P9709,2017-08-25,0.017969,0.016969,-0.0050799999999999994,-0.004211,0.007714,0.006268999999999999
P9709,2017-08-28,0.008969,0.010969,0.001775,0.00292,-0.0013,-0.00047699999999999994
P9709,2017-08-29,-3.1e-05,-3.1e-05,-0.000304,0.0009019999999999999,0.0025859999999999998,0.0026100000000000003
P9709,2017-08-30,-3.1e-05,0.0009689999999999999,0.00139,-0.00045700000000000005,-0.004177,-0.005285
P9709,2017-08-31,-0.002031,-3.1e-05,0.006157,0.006763,-0.003052,-0.0026620000000000003
P9709,2017-09-01,0.0019690000000000003,0.0029690000000000003,0.00487,0.004569,-0.0036299999999999995,-0.0046689999999999995
P9709,2017-09-04,0.0049689999999999995,0.0049689999999999995,3.5e-05,-0.00032599999999999996,-0.003296,-0.005046
P9709,2017-09-05,0.0029690000000000003,0.0029690000000000003,-0.002472,-0.0018149999999999998,0.001033,0.0009310000000000001
P9709,2017-09-06,0.0009689999999999999,0.0009689999999999999,0.004093,0.003766,-0.002471,-0.004253
P9709,2017-09-07,-0.006031,-0.005031,0.002914,0.0038450000000000003,0.000248,-0.000135
P9709,2017-09-08,-3.1e-05,0.0009689999999999999,0.0038469999999999997,0.003101,-0.000545,-0.0010810000000000001
P9709,2017-09-11,0.0039689999999999994,0.0049689999999999995,0.005832,0.005654,-0.0028079999999999997,-0.003718
P9709,2017-09-12,0.0009689999999999999,-3.1e-05,-0.005794,-0.006701,-0.00015900000000000002,-0.00040199999999999996
P9709,2017-09-13,0.0019690000000000003,0.0019690000000000003,0.001175,0.0012619999999999999,-0.004111,-0.004427
P9709,2017-09-14,-0.004031,-0.003031,0.003329,0.002607,-0.000587,-0.00046100000000000004
P9709,2017-09-15,-0.004031,-0.004031,-0.0018800000000000002,-0.002188,-0.001506,0.000258
P9709,2017-09-18,0.0029690000000000003,0.0039689999999999994,0.002813,0.002986,-0.004154,-0.004128
P9709,2017-09-19,-0.002031,-0.002031,-0.001016,-0.000877,0.00454,0.00491
P9709,2017-09-20,0.0039689999999999994,0.0049689999999999995,0.0038369999999999997,0.0035979999999999996,-0.00394,-0.004874
P9709,2017-09-21,-0.002031,-0.004031,-0.007768000000000001,-0.006503,0.004058,0.004232
P9709,2017-09-22,-0.001031,-0.002031,-0.003001,-0.00233,0.00044,-0.000265
P9709,2017-09-25,-0.004031,-0.006031,-0.011805,-0.010808,0.0018440000000000002,0.000975
P9709,2017-09-26,0.0009689999999999999,0.0009689999999999999,-0.0015869999999999999,-0.002731,0.000508,-0.0007
P9709,2017-09-27,0.0009689999999999999,0.0029690000000000003,0.0054789999999999995,0.004731,-0.004279,-0.005147
P9709,2017-09-28,-0.002031,-0.002031,-0.005549,-0.00507,-0.002911,-0.002593
P9709,2017-09-29,0.0039689999999999994,0.0039689999999999994,0.006033,0.005589,-0.003824,-0.003979
P9709,2017-10-09,0.009969,0.009969,0.001773,0.0017870000000000002,-0.002877,-0.003128
P9709,2017-10-10,0.0039689999999999994,0.0049689999999999995,0.0061070000000000004,0.006047,-0.004724,-0.005047
P9709,2017-10-11,0.0009689999999999999,0.0009689999999999999,-0.004124,-0.004005,-0.000591,0.000215
P9709,2017-10-12,-3.1e-05,-0.001031,-0.0033049999999999998,-0.003097,-0.001364,-0.002317
P9709,2017-10-13,0.0019690000000000003,0.0029690000000000003,0.001199,0.001599,-0.002725,-0.001661
P9709,2017-10-16,-0.005031,-0.007031,-0.019183000000000002,-0.017578,0.006939,0.008572
P9709,2017-10-17,-0.002031,-0.001031,0.001356,0.001433,-0.000897,-3.9e-05
P9709,2017-10-18,0.0029690000000000003,0.0009689999999999999,-0.01485,-0.014178,0.003766,0.004547
P9709,2017-10-19,-0.004031,-0.005031,-0.009103,-0.007745,0.000205,0.0007570000000000001
P9709,2017-10-20,0.0019690000000000003,0.0039689999999999994,0.011247,0.009833,-0.004011,-0.0037189999999999996
P9709,2017-10-23,0.0019690000000000003,0.0029690000000000003,0.00458,0.004476,-0.002614,-0.003164
P9709,2017-10-24,0.0029690000000000003,0.0019690000000000003,-0.008456,-0.008554,0.005155,0.004529999999999999
P9709,2017-10-25,0.0029690000000000003,0.0039689999999999994,0.0026609999999999997,0.003589,-0.003133,-0.002216
P9709,2017-10-26,0.0019690000000000003,0.0019690000000000003,-0.000156,0.000109,-0.005437,-0.004951
P9709,2017-10-27,0.0029690000000000003,0.0019690000000000003,-0.010403,-0.008536,0.000906,0.00215
P9709,2017-10-30,-0.008031,-0.010031,-0.022318,-0.020906,0.008286,0.007370000000000001
P9709,2017-10-31,0.0009689999999999999,0.0029690000000000003,0.005988,0.0053170000000000005,-0.005842,-0.005529999999999999
P9709,2017-11-01,-3.1e-05,0.0009689999999999999,0.000236,0.001516,0.000197,-8.6e-05
P9709,2017-11-02,-0.004031,-0.005031,-0.009217,-0.007817000000000001,0.001768,0.0027489999999999997
P9709,2017-11-03,-0.004031,-0.005031,-0.005411,-0.004577,-0.002809,-0.002996
P9709,2017-11-06,0.0059689999999999995,0.0069689999999999995,0.001675,0.0016829999999999998,-0.008466,-0.008012
P9709,2017-11-07,0.007969,0.007969,-0.002493,-0.002591,0.003273,0.00266
P9709,2017-11-08,-3.1e-05,0.0009689999999999999,0.004881,0.0038280000000000002,-6.8e-05,-0.000726
P9709,2017-11-09,0.0049689999999999995,0.0049689999999999995,-8.7e-05,-0.000523,-0.0028829999999999997,-0.0030989999999999998
P9709,2017-11-10,0.0019690000000000003,0.0029690000000000003,-0.0057810000000000005,-0.005762,-0.008569,-0.008205
P9709,2017-11-13,0.0039689999999999994,0.0039689999999999994,-0.00579,-0.004646,0.003933,0.00379
P9709,2017-11-14,-0.006031,-0.007031,-0.001961,-0.0028280000000000002,0.004254,0.002845
P9709,2017-11-15,-0.008031,-0.009031,0.000785,0.000205,0.002088,0.002169
P9709,2017-11-16,0.0019690000000000003,0.0009689999999999999,-0.006575,-0.006287,-0.004974,-0.00488
P9709,2017-11-17,-0.007031,-0.011031000000000001,-0.031352,-0.030770999999999996,0.021240000000000002,0.019308000000000002
P9709,2017-11-20,0.0059689999999999995,0.0059689999999999995,-0.006095000000000001,-0.006679000000000001,0.002229,0.000363
P9709,2017-11-21,0.007969,0.0069689999999999995,-0.009682,-0.008738,0.0008460000000000001,0.002111
P9709,2017-11-22,0.0049689999999999995,0.0039689999999999994,-0.003921,-0.003114,0.010473,0.008081
P9709,2017-11-23,-0.025031,-0.025031,0.00589,0.005365,0.006034,0.004081
P9709,2017-11-24,-3.1e-05,-3.1e-05,0.001267,0.000692,0.0005059999999999999,2.8999999999999997e-05
P9709,2017-11-27,-0.012031,-0.012031,0.002904,0.002164,0.005248,0.005249
P9709,2017-11-28,0.0049689999999999995,0.0059689999999999995,0.00722,0.0061979999999999995,-0.009323999999999999,-0.009403
P9709,2017-11-29,0.0019690000000000003,0.0009689999999999999,0.002327,0.0007700000000000001,0.008362,0.006945999999999999
P9709,2017-11-30,-0.008031,-0.007031,0.004934,0.005263,0.0009130000000000001,0.001973
P9709,2017-12-01,0.0009689999999999999,0.0019690000000000003,0.00695,0.006046,-0.007479,-0.00782
P9709,2017-12-04,-0.001031,-0.004031,-0.014216,-0.014903999999999999,-0.000398,-0.0009460000000000001
P9709,2017-12-05,-0.004031,-0.007031,-0.024361,-0.022765,0.013904,0.013704
P9709,2017-12-06,-0.001031,-3.1e-05,0.009959,0.009201,-0.007451999999999999,-0.00745
P9709,2017-12-07,-0.008031,-0.007031,0.007779,0.007605,-0.001966,-0.001545
P9709,2017-12-08,0.0069689999999999995,0.007969,0.003691,0.004051,-0.006032,-0.005055
P9709,2017-12-11,0.011969,0.011969,-0.004154,-0.003445,-0.007679999999999999,-0.007147
P9709,2017-12-12,-0.012031,-0.012031,-0.00011,-0.000749,-0.004141,-0.0044729999999999995
P9709,2017-12-13,0.007969,0.007969,-0.0016510000000000001,-0.001045,-0.0027559999999999998,-0.002232
P9709,2017-12-14,-0.003031,-0.003031,0.006229999999999999,0.006033,-0.0010609999999999999,-0.000798
P9709,2017-12-15,-0.008031,-0.007031,0.007398,0.0066,-0.0026969999999999997,-0.003542
P9709,2017-12-18,-3.1e-05,-0.001031,-0.006489,-0.006097,0.004796,0.0044659999999999995
P9709,2017-12-19,0.010969,0.009969,-0.003578,-0.00303,0.002457,0.002868
P9709,2017-12-20,-0.003031,-0.004031,-0.008023,-0.007494,0.00021,0.000605
P9709,2017-12-21,0.0049689999999999995,0.0049689999999999995,-0.006118,-0.005826,-0.00032599999999999996,6.4e-05
P9709,2017-12-22,-0.001031,-0.001031,-0.000705,0.00020899999999999998,0.0029530000000000003,0.0044729999999999995
P9709,2017-12-25,-0.005031,-0.005031,-0.009206,-0.008388,0.005905,0.0063939999999999995
P9709,2017-12-26,0.0059689999999999995,0.007969,0.001402,0.002584,0.005787,0.006499
P9709,2017-12-27,-0.010031,-0.009031,0.006396,0.005692,0.003551,0.002719
P9709,2017-12-28,0.0059689999999999995,0.0059689999999999995,-0.004717,-0.004932,-0.003047,-0.003123
P9709,2017-12-29,0.0049689999999999995,0.0049689999999999995,0.003966,0.004075,0.000843,0.000729
P9709,2018-01-02,0.012969,0.011969,-0.0034170000000000003,-0.004311,0.004768,0.0030269999999999997
P9709,2018-01-03,0.0059689999999999995,0.0059689999999999995,0.001929,0.0007440000000000001,-0.0057469999999999995,-0.0058200000000000005
P9709,2018-01-04,0.0039689999999999994,0.0039689999999999994,-0.00403,-0.004036,-0.002477,-0.0014140000000000001
P9709,2018-01-05,0.0019690000000000003,0.0019690000000000003,0.000193,-0.000768,0.003953,0.002811
P9709,2018-01-08,0.0039689999999999994,0.0039689999999999994,-0.003899,-0.004229999999999999,0.0036560000000000004,0.003257
P9709,2018-01-09,0.0019690000000000003,0.0019690000000000003,-0.003972,-0.002942,-0.003854,-0.0023420000000000003
P9709,2018-01-10,0.0029690000000000003,0.0009689999999999999,-0.008952,-0.007986,0.005604,0.005204
P9709,2018-01-11,0.0019690000000000003,0.0029690000000000003,0.004608,0.00489,-0.002571,-0.003036
P9709,2018-01-12,0.0019690000000000003,-3.1e-05,-0.00591,-0.005938000000000001,0.00116,0.0009880000000000002
P9709,2018-01-15,-0.005031,-0.008031,-0.018884,-0.017768,0.013534000000000001,0.012803
P9709,2018-01-16,0.0069689999999999995,0.007969,-0.000919,-0.0006129999999999999,0.005603,0.006613
P9709,2018-01-17,-3.1e-05,0.0009689999999999999,0.0009390000000000001,0.002877,0.011127,0.013186000000000002
P9709,2018-01-18,0.009969,0.008969,-0.005085,-0.0044659999999999995,0.009984999999999999,0.008979000000000001
P9709,2018-01-19,0.0029690000000000003,0.0029690000000000003,-0.002473,-0.000886,0.006059,0.008159999999999999
P9709,2018-01-22,0.0069689999999999995,0.0069689999999999995,-0.0036119999999999998,-0.0050420000000000005,-0.009115,-0.011598
P9709,2018-01-23,0.013969,0.012969,-0.00848,-0.0070079999999999995,0.012077,0.011629
P9709,2018-01-24,0.0029690000000000003,0.0039689999999999994,0.00221,0.002165,-0.000637,-0.0017109999999999998
P9709,2018-01-25,-0.004031,-0.004031,0.003134,0.001704,0.000697,0.000155
P9709,2018-01-26,0.0029690000000000003,0.0019690000000000003,-0.005118999999999999,-0.005214,0.0019320000000000001,0.0016350000000000002
P9709,2018-01-29,-0.012031,-0.012031,0.0021219999999999998,0.0011539999999999999,0.009183,0.008043999999999999
P9709,2018-01-30,-0.010031,-0.009031,0.006166,0.005784,-0.006151,-0.0055899999999999995
P9709,2018-01-31,-0.003031,-0.006031,-0.023277000000000003,-0.020743,0.012612,0.014403000000000001
P9709,2018-02-01,-0.013031000000000001,-0.016031,-0.030936,-0.027815,0.020087,0.019228
P9709,2018-02-02,0.0039689999999999994,0.0029690000000000003,-0.013936000000000002,-0.013521,0.009776,0.009295999999999999
P9709,2018-02-05,0.0059689999999999995,0.0039689999999999994,-0.006205,-0.005934,0.018614,0.01838
P9709,2018-02-06,-0.037031,-0.039031,-0.019523,-0.018721,0.012708,0.012711
P9709,2018-02-07,-0.021031,-0.017031,0.021431,0.019758,-0.010228000000000001,-0.00976
P9709,2018-02-08,-0.011031000000000001,-0.008031,0.019321,0.017495,-0.023799,-0.022716
P9709,2018-02-09,-0.040031,-0.040031,0.008753,0.008232,-0.0065829999999999994,-0.006836
P9709,2018-02-12,0.011969,0.013969,0.011023999999999999,0.010952,-0.016907,-0.015366
P9709,2018-02-13,0.009969,0.008969,-0.006334,-0.005937,0.004953,0.00565
P9709,2018-02-14,0.0059689999999999995,0.0049689999999999995,-0.00085,-0.001541,-0.0015550000000000002,-0.001727
P9709,2018-02-22,0.022969,0.021969,-0.006490000000000001,-0.005874,-0.001629,-0.002257
P9709,2018-02-23,0.0049689999999999995,0.0049689999999999995,-0.001277,-0.0020329999999999997,0.003933,0.002537
P9709,2018-02-26,0.013969,0.015969,0.005845,0.00632,-0.00942,-0.009226
P9709,2018-02-27,-0.013031000000000001,-0.010031,0.012423,0.012414,-0.011704,-0.011003
P9709,2018-02-28,-0.005031,0.016969,0.00854,0.006942,-0.005375,-0.006089
P9709,2018-03-01,0.0069689999999999995,0.007969,0.007725,0.0075769999999999995,-0.011009999999999999,-0.01154
P9709,2018-03-02,-0.007031,-0.007031,0.0036710000000000002,0.003053,-0.000384,-0.000286
P9709,2018-03-05,0.0009689999999999999,0.0019690000000000003,0.004922999999999999,0.006426,-0.002591,-0.001929
P9709,2018-03-06,0.010969,0.010969,-0.000695,-0.001212,0.0010890000000000001,0.000535
P9709,2018-03-07,-0.005031,-0.006031,0.00061,0.000964,0.001387,0.001945
P9709,2018-03-08,0.0059689999999999995,0.0069689999999999995,0.0013130000000000001,0.001474,-0.003157,-0.0026420000000000003
P9709,2018-03-09,0.007969,0.009969,0.007690000000000001,0.007714,-0.009845,-0.010594
P9709,2018-03-12,0.0069689999999999995,0.007969,0.009768,0.009349,-0.005574,-0.007289
P9709,2018-03-13,-0.006031,-0.006031,0.0045509999999999995,0.003435,0.001166,-0.000388
P9709,2018-03-14,-0.007031,-0.007031,-0.004711,-0.005333,0.002395,0.002235
P9709,2018-03-15,0.0009689999999999999,-0.001031,-0.007601999999999999,-0.008015000000000001,-0.003321,-0.003055
P9709,2018-03-16,-0.008031,-0.007031,0.008645,0.008073,-0.0028179999999999998,-0.001894
P9709,2018-03-19,0.0029690000000000003,0.0039689999999999994,-0.000233,0.002157,-0.004479,-0.003986
P9709,2018-03-20,0.0039689999999999994,0.0039689999999999994,-2.8000000000000003e-05,0.00038199999999999996,-0.000534,-0.000625
P9709,2018-03-21,-0.005031,-0.005031,-2.5e-05,0.0006360000000000001,0.002215,0.003865
P9709,2018-03-22,-0.006031,-0.006031,0.009754,0.008898,-0.001362,-0.0018579999999999998
P9709,2018-03-23,-0.036031,-0.039031,-0.022188999999999997,-0.021065,0.00571,0.008293
P9709,2018-03-26,-0.004031,-0.001031,0.012583,0.011211,-0.016846,-0.018212
P9709,2018-03-27,0.011969,0.014969,0.014103000000000001,0.013535,-0.011656999999999999,-0.012541
P9709,2018-03-28,-0.013031000000000001,-0.013031000000000001,0.009447,0.009626000000000001,0.003397,0.00247
P9709,2018-03-29,0.013969,0.012969,-0.0021030000000000003,-0.0019219999999999999,0.0067989999999999995,0.006285
P9709,2018-03-30,0.0039689999999999994,0.0069689999999999995,0.009645,0.010374,-0.011059999999999999,-0.011454
P9709,2018-04-02,-0.003031,-0.002031,0.005281,0.005811,-0.0040880000000000005,-0.004058
P9709,2018-04-03,-0.008031,-0.008031,-0.001741,-0.000833,-0.000558,-0.00046100000000000004
P9709,2018-04-04,-0.004031,-0.004031,-0.0015660000000000001,-0.0014960000000000002,0.00025299999999999997,0.00112
P9709,2018-04-09,0.0009689999999999999,0.0019690000000000003,0.001011,0.002949,0.0012619999999999999,0.002403
P9709,2018-04-10,0.016969,0.014969,-0.012627,-0.012882,0.013652000000000001,0.011987000000000001
P9709,2018-04-11,0.0059689999999999995,0.0059689999999999995,0.002196,0.002845,0.0032549999999999996,0.0023420000000000003
P9709,2018-04-12,-0.010031,-0.009031,0.0037530000000000003,0.004640999999999999,-0.003841,-0.0016530000000000002
P9709,2018-04-13,-0.006031,-0.006031,0.003157,0.002157,-2.6000000000000002e-05,-0.001474
P9709,2018-04-16,-0.015031000000000001,-0.013031000000000001,0.005966,0.006132,-0.011672,-0.011256
P9709,2018-04-17,-0.016031,-0.017031,-0.0061979999999999995,-0.0059689999999999995,0.010689,0.011011
P9709,2018-04-18,0.008969,0.009969,0.005109000000000001,0.006016,0.0013449999999999998,0.000252
P9709,2018-04-19,0.008969,0.007969,-0.007989,-0.008169,-0.00298,-0.003554
P9709,2018-04-20,-0.015031000000000001,-0.017031,-0.007081999999999999,-0.006208,0.0013599999999999999,0.0014869999999999998
P9709,2018-04-23,-0.002031,-0.003031,-0.004217,-0.0043549999999999995,0.008144,0.006917
P9709,2018-04-24,0.020968999999999998,0.021969,0.000356,0.001024,-0.00215,-0.002298
P9709,2018-04-25,-0.003031,-0.002031,0.008191,0.008674,-0.007823,-0.007449
P9709,2018-04-26,-0.016031,-0.017031,-0.001873,-0.0015400000000000001,0.005454,0.006247
P9709,2018-04-27,0.0029690000000000003,0.0029690000000000003,-0.001485,-0.00213,0.0034770000000000005,0.0034770000000000005
P9709,2018-05-02,-3.1e-05,-0.001031,-0.006152,-0.006418000000000001,0.001396,0.001513
P9709,2018-05-03,0.0069689999999999995,0.007969,0.0008710000000000001,0.0010810000000000001,-0.002857,-0.002858
P9709,2018-05-04,-0.004031,-0.003031,0.001843,0.00126,-0.000323,-0.000334
P9709,2018-05-07,0.015969,0.016969,0.0010689999999999999,0.0018679999999999999,-0.005301,-0.005603
P9709,2018-05-08,0.008969,0.008969,-0.0013050000000000002,-0.000852,-0.00020299999999999997,0.000291
P9709,2018-05-09,-0.001031,-3.1e-05,0.002448,0.003664,-0.000785,-0.000714
P9709,2018-05-10,0.0049689999999999995,0.0049689999999999995,0.001292,0.001883,-0.00231,-0.001442
P9709,2018-05-11,-0.004031,-0.005031,-0.005939,-0.00619,0.006677,0.005908
P9709,2018-05-14,0.0029690000000000003,0.0019690000000000003,-0.012661,-0.011754,0.00046100000000000004,0.000926
P9709,2018-05-15,0.0049689999999999995,0.0069689999999999995,0.005222999999999999,0.005458,-0.0045899999999999995,-0.004298
P9709,2018-05-16,-0.008031,-0.007031,0.002964,0.0031260000000000003,-0.0020469999999999998,0.000123
P9709,2018-05-17,-0.005031,-0.005031,0.0035299999999999997,0.002852,0.003191,0.0030559999999999997
P9709,2018-05-18,0.011969,0.009969,-0.003295,-0.002137,0.006828,0.006841
P9709,2018-05-21,0.0059689999999999995,0.007969,0.005605,0.005432,-0.003475,-0.004298
P9709,2018-05-22,-0.001031,0.0009689999999999999,0.004631000000000001,0.005053,-0.004331000000000001,-0.004132
P9709,2018-05-23,-0.015031000000000001,-0.014031,0.002552,0.002667,-0.00164,-0.00042699999999999997
P9709,2018-05-24,-0.005031,-0.005031,0.004536999999999999,0.004484,-0.000312,0.000544
P9709,2018-05-25,-0.005031,-0.005031,-0.004987,-0.003271,0.003304,0.005059
P9709,2018-05-28,-0.001031,-0.002031,-0.010513,-0.008872,-0.00201,-0.0009720000000000001
P9709,2018-05-29,-0.007031,-0.007031,-0.0010689999999999999,-0.001217,0.00413,0.0032020000000000004
P9709,2018-05-30,-0.026031,-0.027031,-0.013274000000000001,-0.013262999999999999,0.0018690000000000002,0.0043100000000000005
P9709,2018-05-31,0.017969,0.017969,-0.0008460000000000001,8.1e-05,-0.003454,-0.002581
P9709,2018-06-01,-0.008031,-0.009031,-0.000638,-0.001117,0.007981,0.007337000000000001
P9709,2018-06-04,0.0059689999999999995,0.0039689999999999994,-0.008386,-0.007601,0.002559,0.002246
P9709,2018-06-05,0.010969,0.011969,0.002895,0.00339,-0.006945000000000001,-0.007347
P9709,2018-06-06,-0.001031,-3.1e-05,0.0017829999999999999,0.0025,-0.001335,-0.000627
P9709,2018-06-07,-0.002031,-0.003031,-0.005462,-0.006169,0.005638000000000001,0.005072999999999999
P9709,2018-06-08,-0.013031000000000001,-0.009031,0.0011359999999999999,0.002027,-0.003351,-0.0035240000000000002
P9709,2018-06-11,-0.004031,-0.004031,-0.0034490000000000002,-0.004111,0.006489,0.005776
P9709,2018-06-12,0.010969,0.010969,-0.00439,-0.004294,-0.004086,-0.004459
P9709,2018-06-13,-0.011031000000000001,-0.011031000000000001,-0.005863,-0.006022,0.00683,0.006445
P9709,2018-06-14,-0.002031,-0.003031,-0.0016539999999999999,-0.001442,0.005861,0.0060810000000000005
P9709,2018-06-15,-0.007031,-0.009031,-0.015975,-0.015416,0.014780000000000001,0.014625
P9709,2018-06-19,-0.041031,-0.045031,-0.031712,-0.029294999999999998,0.019966,0.019198
P9709,2018-06-20,0.0029690000000000003,0.0049689999999999995,0.005235,0.005354,-0.004566,-0.0051649999999999995
P9709,2018-06-21,-0.014031,-0.016031,-0.011525,-0.011226,0.01275,0.013403
P9709,2018-06-22,0.0069689999999999995,0.007969,0.006878,0.006383,-0.005058,-0.004982
P9709,2018-06-25,-0.011031000000000001,-0.010031,0.006665000000000001,0.006976,-0.007478,-0.006327
P9709,2018-06-26,-0.005031,-0.002031,0.012597,0.011967,-0.012709999999999999,-0.012688
P9709,2018-06-27,-0.013031000000000001,-0.012031,0.008629000000000001,0.008231,0.003432,0.0037170000000000003
P9709,2018-06-28,-0.010031,-0.011031000000000001,-0.000414,0.000286,0.005054,0.006359
P9709,2018-06-29,0.025969,0.026969,0.003546,0.004219,-0.010097,-0.009911
P9709,2018-07-02,-0.026031,-0.024031,0.016056,0.015238999999999999,-0.008264,-0.00775
P9709,2018-07-03,0.0049689999999999995,0.0059689999999999995,0.014334999999999999,0.015428,0.002366,0.000859
P9709,2018-07-04,-0.011031000000000001,-0.013031000000000001,-0.009501,-0.010140999999999999,0.005519,0.005667
P9709,2018-07-05,-0.010031,-0.013031000000000001,-0.019629,-0.019091,0.00761,0.006358
P9709,2018-07-06,0.0049689999999999995,0.0049689999999999995,-0.001031,-0.000478,-0.001661,-0.001811
P9709,2018-07-09,0.027969,0.027969,-0.007798,-0.005895,0.001999,0.002358
P9709,2018-07-10,0.0039689999999999994,0.0049689999999999995,0.0056,0.0062840000000000005,0.0006900000000000001,0.001093
P9709,2018-07-11,-0.018031000000000002,-0.019031,-0.009704,-0.009013,0.0036850000000000003,0.003295
P9709,2018-07-12,0.023969,0.025969,0.002702,0.0037770000000000004,-0.0036229999999999995,-0.003159
P9709,2018-07-13,0.0029690000000000003,0.0019690000000000003,-0.001004,-0.0015400000000000001,-0.007923999999999999,-0.008219
P9709,2018-07-16,-0.006031,-0.005031,0.00587,0.0049770000000000005,-0.006887999999999999,-0.006023
P9709,2018-07-17,-0.005031,-0.004031,0.010199,0.008633,-0.002945,-0.002777
P9709,2018-07-18,-0.004031,-0.005031,0.001407,0.000389,0.002694,0.002748
P9709,2018-07-19,-0.005031,-0.006031,-0.010413,-0.010526,0.001794,0.001498
P9709,2018-07-20,0.020968999999999998,0.019969,-0.009307,-0.008013,0.013558,0.012972999999999998
P9709,2018-07-23,0.010969,0.009969,-0.003752,-0.004545,0.009767,0.008317
P9709,2018-07-24,0.014969,0.015969,0.002273,0.0013779999999999999,0.000354,-2.4e-05
P9709,2018-07-25,-3.1e-05,-0.001031,0.003674,0.002523,-0.003899,-0.0035960000000000002
P9709,2018-07-26,-0.008031,-0.008031,0.013581999999999999,0.009396999999999999,-0.001114,-0.000959
P9709,2018-07-27,-0.003031,-0.004031,-0.003279,-0.003921,-0.000341,7.8e-05
P9709,2018-07-30,-0.004031,-0.005031,-0.014524,-0.013821,0.012081,0.012254000000000001
P9709,2018-07-31,0.0019690000000000003,0.0019690000000000003,0.000906,0.00045999999999999996,0.004518,0.005092
P9709,2018-08-01,-0.019031,-0.019031,0.0030399999999999997,0.0017,-0.002601,-0.002971
P9709,2018-08-02,-0.021031,-0.022031,-0.007141,-0.007672,0.002881,0.001725
P9709,2018-08-03,-0.011031000000000001,-0.012031,0.002903,0.001472,0.012073,0.011389
P9709,2018-08-06,-0.013031000000000001,-0.015031000000000001,-0.005234,-0.005672,0.011887,0.009614
P9709,2018-08-07,0.027969,0.027969,-0.001567,-0.001232,-0.000236,0.000342
P9709,2018-08-08,-0.014031,-0.015031000000000001,0.0012439999999999999,-0.0009050000000000001,0.003676,0.003553
P9709,2018-08-09,0.020968999999999998,0.021969,-0.000794,0.000532,-0.010596,-0.010884999999999999
P9709,2018-08-10,0.0009689999999999999,0.0019690000000000003,0.004524,0.005018,-0.006731,-0.006113
P9709,2018-08-13,-0.003031,-0.002031,0.006055,0.00645,-0.006443000000000001,-0.006461
P9709,2018-08-14,-0.002031,-0.003031,0.003913000000000001,0.004146,0.002235,0.0029739999999999996
P9709,2018-08-15,-0.021031,-0.022031,0.005407,0.00412,0.003926,0.002782
P9709,2018-08-16,-0.007031,-0.007031,-0.003853,-0.0035090000000000004,0.002573,0.002277
P9709,2018-08-17,-0.014031,-0.015031000000000001,-0.005064,-0.004968,0.006845,0.005945000000000001
P9709,2018-08-20,0.010969,0.009969,-0.005588,-0.003797,0.006209,0.005363000000000001
P9709,2018-08-21,0.013969,0.013969,-0.00456,-0.004039,-0.009803000000000001,-0.009459
P9709,2018-08-22,-0.007031,-0.008031,-0.0049299999999999995,-0.005502,0.001287,0.001204
P9709,2018-08-23,0.0039689999999999994,0.0049689999999999995,0.003361,0.004382,-0.0021620000000000003,-0.0028510000000000002
P9709,2018-08-24,0.0019690000000000003,0.0009689999999999999,-0.004711,-0.00446,0.00671,0.006145
P9709,2018-08-27,0.020968999999999998,0.020968999999999998,-0.003339,-0.001911,-0.008568000000000001,-0.008140000000000001
P9709,2018-08-28,-0.001031,-3.1e-05,0.002479,0.00157,0.000633,0.00025299999999999997
P9709,2018-08-29,-0.004031,-0.004031,-0.0007769999999999999,-0.001048,0.001326,0.000989
P9709,2018-08-30,-0.012031,-0.013031000000000001,-0.005305,-0.005738,0.0011099999999999999,0.001486
P9709,2018-08-31,-0.005031,-0.006031,-0.005612,-0.005646,0.008806999999999999,0.007998
P9709,2018-09-03,-0.002031,-0.002031,-1e-06,-0.000148,-0.001759,-0.002435
P9709,2018-09-04,0.010969,0.010969,0.001773,0.002187,-0.003101,-0.0028079999999999997
P9709,2018-09-05,-0.018031000000000002,-0.018031000000000002,0.005919,0.004601,-0.0020109999999999998,-0.002054
P9709,2018-09-06,-0.007031,-0.006031,0.00492,0.005391,0.003616,0.002947
P9709,2018-09-07,0.0039689999999999994,0.0029690000000000003,-0.0010119999999999999,-0.001322,-0.00011200000000000001,0.001153
P9709,2018-09-10,-0.014031,-0.014031,-0.0052840000000000005,-0.005852,0.009316,0.009797
P9709,2018-09-11,-0.001031,-0.001031,0.006490000000000001,0.006905,-0.002911,-0.003182
P9709,2018-09-12,-0.004031,-0.003031,0.007006,0.006613,0.00551,0.005248
P9709,2018-09-13,0.011969,0.010969,-0.001042,-0.0006900000000000001,0.005337,0.005308
P9709,2018-09-14,-0.002031,-0.004031,-0.009579,-0.010608,0.002111,0.001861
P9709,2018-09-17,-0.012031,-0.013031000000000001,-0.005224,-0.006187,0.002068,0.0018059999999999999
P9709,2018-09-18,0.017969,0.018969,-0.000997,-0.0009519999999999999,-0.003012,-0.002997
P9709,2018-09-19,0.012969,0.012969,-0.0026609999999999997,-0.002513,-0.003171,-0.002809
P9709,2018-09-20,-3.1e-05,-0.001031,-0.0009660000000000001,-0.001433,0.000906,0.001328
P9709,2018-09-21,0.025969,0.024968999999999998,-0.018374,-0.017377,0.003118,0.002895
P9709,2018-09-25,-0.007031,-0.006031,0.002856,0.0030789999999999997,-0.00131,-0.001633
P9709,2018-09-26,0.008969,0.008969,-0.007291,-0.006756,-0.0034990000000000004,-0.003066
P9709,2018-09-27,-0.006031,-0.008031,-0.014799000000000001,-0.0149,0.0040409999999999995,0.0042380000000000004
P9709,2018-09-28,0.009969,0.009969,-0.001509,-0.0008550000000000001,0.000967,0.000715
