ts_code,trade_date,total_mv,float_mv,pe,pb
000300.SH,20150105,28856051810114.0,21223197730935.0,14.45,1.94
000300.SH,20150106,28898808117364.0,21307398388219.0,14.47,1.93
000300.SH,20150107,29013442248505.0,21439723396802.0,14.52,1.94
000300.SH,20150108,28228255559683.0,20885181579118.0,14.13,1.89
000300.SH,20150109,28232622118219.0,20856792148733.0,14.13,1.89
000300.SH,20150112,27850715614332.0,20570702458711.0,13.94,1.86
000300.SH,20150113,27872130827089.0,20598088888325.0,13.95,1.86
000300.SH,20150114,27804754083129.0,20523386016001.0,13.92,1.86
000300.SH,20150115,28870753026779.0,21330395648991.0,14.45,1.93
000300.SH,20150116,29230149857084.0,21594911537836.0,14.63,1.95
000300.SH,20150119,26791586921988.0,19825699523055.0,13.41,1.79
000300.SH,20150120,27151459150864.0,20117819696786.0,13.59,1.81
000300.SH,20150121,28564565552908.0,21152112313887.0,14.3,1.91
000300.SH,20150122,28637104556678.0,21230644042631.0,14.34,1.91
000300.SH,20150123,28741895747504.0,21318278594807.0,14.39,1.92
000300.SH,20150126,29065076489363.0,21416058746202.0,14.55,1.94
000300.SH,20150127,28691915985549.0,21148890307307.0,14.36,1.91
000300.SH,20150128,28208778033419.0,20808325658923.0,14.12,1.88
000300.SH,20150129,27788970566675.0,20490776196093.0,13.91,1.85
000300.SH,20150130,27343790522163.0,20158253774940.0,13.68,1.82
000300.SH,20150202,26524869981604.0,19574447727131.0,13.27,1.77
000300.SH,20150203,27258223991009.0,20121930375605.0,13.64,1.81
000300.SH,20150204,26934949612690.0,19889836676912.0,13.48,1.79
000300.SH,20150205,26607049391477.0,19650829238145.0,13.32,1.77
000300.SH,20150206,26090767702592.0,19274723414686.0,13.06,1.74
000300.SH,20150209,26335862581128.0,19464277226757.0,13.18,1.77
000300.SH,20150210,26794770439650.0,19811339164460.0,13.41,1.8
000300.SH,20150211,26917966312818.0,19903671271058.0,13.47,1.81
000300.SH,20150212,26999907655640.0,19974586567647.0,13.51,1.82
000300.SH,20150213,27230598356393.0,20135775675795.0,13.62,1.83
000300.SH,20150216,27354283856070.0,20229669603837.0,13.67,1.84
000300.SH,20150217,27572487802048.0,20379128512248.0,13.77,1.85
000300.SH,20150225,27323407544039.0,20255693964337.0,13.65,1.83
000300.SH,20150226,27979859574011.0,20728865423966.0,13.97,1.87
000300.SH,20150227,28042319364125.0,20769402299650.0,14.0,1.88
000300.SH,20150302,28185627190361.0,20878933382035.0,14.08,1.89
000300.SH,20150303,27399740068588.0,20283003170059.0,13.66,1.83
000300.SH,20150304,27502429887491.0,20370621180220.0,13.71,1.84
000300.SH,20150305,27145120538429.0,20119370536937.0,13.53,1.82
000300.SH,20150306,27078070121515.0,20078192906901.0,13.5,1.81
000300.SH,20150309,27683154489742.0,20493015061048.0,13.78,1.85
000300.SH,20150310,27441761811703.0,20324762218613.0,13.66,1.83
000300.SH,20150311,27512721613037.0,20500825272518.0,13.7,1.84
000300.SH,20150312,28135299232428.0,20948182220023.0,13.98,1.88
000300.SH,20150313,28269046984058.0,21075528489280.0,14.02,1.89
000300.SH,20150316,28850490168666.0,21530512056717.0,14.29,1.93
000300.SH,20150317,29254825033056.0,21832570831839.0,14.48,1.95
000300.SH,20150318,29934410671543.0,22329268102361.0,14.8,2.0
000300.SH,20150319,29851288961413.0,22298200972091.0,14.68,1.99
000300.SH,20150320,30169219478740.0,22532340617556.0,14.74,2.01
000300.SH,20150323,30720392098694.0,22955194693707.0,15.25,2.05
000300.SH,20150324,30736090105755.0,22984361047232.0,15.19,2.05
000300.SH,20150325,30327664737888.0,22693177067364.0,14.83,2.01
000300.SH,20150326,30549326983564.0,22900806280385.0,14.94,2.02
000300.SH,20150327,30599912382223.0,22934339694718.0,14.96,2.01
000300.SH,20150330,31506212239815.0,23610624973072.0,15.25,2.06
000300.SH,20150331,31173589156499.0,23359409889804.0,14.93,2.03
000300.SH,20150401,31651152736600.0,23713857637601.0,15.16,2.07
000300.SH,20150402,31630855449456.0,23698913991756.0,15.14,2.07
000300.SH,20150403,31845645344428.0,23871074188951.0,15.23,2.08
000300.SH,20150407,32637697876575.0,24456538017496.0,15.62,2.13
000300.SH,20150408,32991506194940.0,24719293286610.0,15.78,2.16
000300.SH,20150409,32687770891467.0,24483463248156.0,15.63,2.14
000300.SH,20150410,33321624269315.0,24904110991292.0,15.91,2.17
000300.SH,20150413,34072486933332.0,25409355860064.0,16.27,2.22
000300.SH,20150414,34094135778361.0,25452760423311.0,16.28,2.22
000300.SH,20150415,33904057765359.0,25346417212109.0,16.18,2.21
000300.SH,20150416,34922791487396.0,26152406541361.0,16.66,2.27
000300.SH,20150417,35657419218336.0,26758385889356.0,16.98,2.32
000300.SH,20150420,34979987591517.0,26320674205792.0,16.66,2.27
000300.SH,20150421,35525044229293.0,26729793009459.0,16.92,2.31
000300.SH,20150422,36331308440066.0,27342320227893.0,17.3,2.36
000300.SH,20150423,36359090250020.0,27384773573901.0,17.3,2.36
000300.SH,20150424,36075767595906.0,27237229013155.0,17.17,2.33
000300.SH,20150427,37256592907361.0,28170053237412.0,17.72,2.41
000300.SH,20150428,37027004188216.0,27940195290940.0,17.48,2.38
000300.SH,20150429,36848970639355.0,27807814638679.0,17.43,2.34
000300.SH,20150430,36459960081995.0,27527524040097.0,17.18,2.25
000300.SH,20150504,36740999839381.0,27743922301863.0,17.31,2.27
000300.SH,20150505,35234753958107.0,26667151701576.0,16.6,2.18
000300.SH,20150506,34784642295803.0,26294323434399.0,16.39,2.15
000300.SH,20150507,33971463915237.0,25670464382995.0,16.01,2.1
000300.SH,20150508,34636238677694.0,26176027309303.0,16.32,2.14
000300.SH,20150511,35525865682314.0,26843326291526.0,16.74,2.2
000300.SH,20150512,35913893761497.0,27098829101609.0,16.92,2.22
000300.SH,20150513,35619607340944.0,26905052364423.0,16.78,2.2
000300.SH,20150514,35521619771420.0,26823037281384.0,16.74,2.2
000300.SH,20150515,34840167687226.0,26360550577386.0,16.42,2.16
000300.SH,20150518,34422508132816.0,26024273971656.0,16.22,2.13
000300.SH,20150519,35543850858338.0,26879090434612.0,16.75,2.2
000300.SH,20150520,35220288528208.0,26579854316632.0,16.65,2.18
000300.SH,20150521,35815930982886.0,27065112359501.0,16.92,2.22
000300.SH,20150522,36764094026035.0,27775612321501.0,17.37,2.28
000300.SH,20150525,37869533489690.0,28641975990163.0,17.9,2.34
000300.SH,20150526,38415862339214.0,29074673309292.0,18.15,2.38
000300.SH,20150527,38427688531452.0,29038257571818.0,18.16,2.38
000300.SH,20150528,35959002322051.0,26977931201468.0,16.99,2.22
000300.SH,20150529,35913856467718.0,26943674170759.0,16.97,2.22
000300.SH,20150601,38032674032768.0,28228923449173.0,17.97,2.34
000300.SH,20150602,38475665107099.0,28573687236142.0,18.18,2.37
000300.SH,20150603,38345857789659.0,28598327063040.0,18.12,2.37
000300.SH,20150604,38842555360009.0,29201164509971.0,18.36,2.39
000300.SH,20150605,39245831916182.0,29571166719808.0,18.55,2.41
000300.SH,20150608,40541288346486.0,30502175649845.0,19.16,2.49
000300.SH,20150609,40286193395171.0,30286233287023.0,19.04,2.48
000300.SH,20150610,39990561746871.0,30058441016328.0,18.9,2.46
000300.SH,20150611,39840762041531.0,29999166145694.0,18.83,2.45
000300.SH,20150612,40059258752173.0,30167533915577.0,18.93,2.47
000300.SH,20150615,40409069804479.0,30079004194070.0,18.96,2.46
000300.SH,20150616,39210987541682.0,29099873985200.0,18.4,2.39
000300.SH,20150617,39846695646043.0,29621710076638.0,18.7,2.43
000300.SH,20150618,38222747973941.0,28418462636072.0,17.94,2.33
000300.SH,20150619,35993610461104.0,26759393332886.0,16.89,2.2
000300.SH,20150623,37185602217082.0,27637496649939.0,17.45,2.27
000300.SH,20150624,38115504778321.0,28266858466137.0,17.89,2.32
000300.SH,20150625,36842369817320.0,27309965295832.0,17.29,2.25
000300.SH,20150626,34250069263822.0,25294844756196.0,16.07,2.09
000300.SH,20150629,33594939080167.0,24795417073940.0,15.76,2.05
000300.SH,20150630,35680479162116.0,26326471385368.0,16.74,2.18
000300.SH,20150701,33878667624941.0,25063688938351.0,15.9,2.07
000300.SH,20150702,33315420840766.0,24581036641508.0,15.63,2.04
000300.SH,20150703,31601005588509.0,23338214575519.0,14.83,1.95
000300.SH,20150706,33049836448296.0,24382541130634.0,15.51,2.04
000300.SH,20150707,33320511380226.0,24423267025189.0,15.64,2.06
000300.SH,20150708,31304216555002.0,22964633268635.0,14.69,1.94
000300.SH,20150709,33079993020678.0,24333059484349.0,15.52,2.05
000300.SH,20150710,34416892514378.0,25345165091996.0,16.15,2.14
000300.SH,20150713,34620946308425.0,25555144262511.0,16.25,2.15
000300.SH,20150714,33764698102951.0,24923714530966.0,15.84,2.1
000300.SH,20150715,33171661298565.0,24501764532184.0,15.57,2.06
000300.SH,20150716,33255573372403.0,24545029946787.0,15.61,2.06
000300.SH,20150717,34126372586556.0,25204141748395.0,16.01,2.12
000300.SH,20150720,34285165395473.0,25374605089383.0,16.09,2.13
000300.SH,20150721,34243331954004.0,25356693490741.0,16.07,2.13
000300.SH,20150722,34124252158673.0,25280111366246.0,16.01,2.12
000300.SH,20150723,34751255928282.0,25741346301530.0,16.31,2.16
000300.SH,20150724,34239381492046.0,25365089686519.0,16.07,2.13
000300.SH,20150727,31323604945795.0,22992650333232.0,14.7,1.95
000300.SH,20150728,31160355463372.0,23001623714664.0,14.62,1.93
000300.SH,20150729,31924353886351.0,23603545979873.0,14.98,1.98
000300.SH,20150730,31107340865966.0,23022125855384.0,14.6,1.93
000300.SH,20150731,30998672922328.0,22914331218128.0,14.55,1.92
000300.SH,20150803,31088682771462.0,22923065339283.0,14.59,1.93
000300.SH,20150804,31884658189469.0,23550355491139.0,14.96,1.98
000300.SH,20150805,31226654876490.0,23092056563323.0,14.65,1.94
000300.SH,20150806,30931045892906.0,22869338886485.0,14.51,1.92
000300.SH,20150807,31122734507635.0,22975163823853.0,14.67,1.95
000300.SH,20150810,32826980383052.0,24319980594634.0,15.4,2.04
000300.SH,20150811,32666281914696.0,24226263863125.0,15.33,2.02
000300.SH,20150812,32278932143802.0,23951332167444.0,15.15,2.0
000300.SH,20150813,32669294153438.0,24241302107847.0,15.33,2.02
000300.SH,20150814,32611338235686.0,24197328966297.0,15.3,2.02
000300.SH,20150817,32543358207778.0,24129423615005.0,15.27,2.02
000300.SH,20150818,30855072479698.0,22884763008142.0,14.48,1.91
000300.SH,20150819,31069943012128.0,23070840302904.0,14.58,1.93
000300.SH,20150820,30139991818271.0,22343611243938.0,14.14,1.87
000300.SH,20150821,28944765595195.0,21463422707577.0,13.58,1.79
000300.SH,20150824,26457424149160.0,19676632979599.0,12.42,1.64
000300.SH,20150825,24506317599993.0,18218444734303.0,11.5,1.51
000300.SH,20150826,24528397914538.0,18191772256271.0,11.51,1.51
000300.SH,20150827,25939905239494.0,19216772216185.0,12.17,1.59
000300.SH,20150828,26933636330121.0,19988315866342.0,12.64,1.63
000300.SH,20150831,27085083997646.0,20126325017420.0,12.71,1.62
000300.SH,20150901,27474464096794.0,20333541732286.0,12.89,1.64
000300.SH,20150902,27813288163383.0,20503560450647.0,13.05,1.66
000300.SH,20150907,26616157275959.0,19679286097529.0,12.49,1.59
000300.SH,20150908,27170253414382.0,20091181809664.0,12.75,1.62
000300.SH,20150909,27655549741540.0,20465516137483.0,12.98,1.65
000300.SH,20150910,27337593201390.0,20260608402063.0,12.83,1.63
000300.SH,20150911,27200589385373.0,20163448132611.0,12.76,1.63
000300.SH,20150914,26781147484592.0,19852187905568.0,12.57,1.6
000300.SH,20150915,25991532796543.0,19247888570210.0,12.2,1.55
000300.SH,20150916,27061560050480.0,20056118818383.0,12.7,1.62
000300.SH,20150917,26526678356730.0,19664133395975.0,12.45,1.59
000300.SH,20150918,26551413626459.0,19676110282704.0,12.46,1.59
000300.SH,20150921,26884846258028.0,19940796293512.0,12.62,1.61
000300.SH,20150922,27128451319686.0,20113441296962.0,12.73,1.62
000300.SH,20150923,26498906692305.0,19647917958153.0,12.43,1.59
000300.SH,20150924,26639308129240.0,19759624688790.0,12.5,1.59
000300.SH,20150925,26356404193102.0,19543509135187.0,12.37,1.58
000300.SH,20150928,26348727132203.0,19535866462059.0,12.36,1.58
000300.SH,20150929,25827407261181.0,19124465431959.0,12.12,1.55
000300.SH,20150930,25969904531310.0,19254261572425.0,12.19,1.55
000300.SH,20151008,26676154529221.0,19786867902844.0,12.52,1.6
000300.SH,20151009,26998271921445.0,20035681268134.0,12.67,1.62
000300.SH,20151012,27799966644688.0,20661745475387.0,13.05,1.66
000300.SH,20151013,27721107135158.0,20556034618562.0,13.01,1.66
000300.SH,20151014,27465538232715.0,20479548462552.0,12.89,1.64
000300.SH,20151015,28015935419336.0,20890705688689.0,13.15,1.68
000300.SH,20151016,28379176925973.0,21178984114233.0,13.32,1.7
000300.SH,20151019,28367892435981.0,21167516412573.0,13.31,1.7
000300.SH,20151020,28666568889172.0,21394720031180.0,13.45,1.72
000300.SH,20151021,28155379868932.0,20990700521029.0,13.21,1.68
000300.SH,20151022,28383762359027.0,21159637481210.0,13.32,1.7
000300.SH,20151023,28636102754165.0,21359266007238.0,13.44,1.71
000300.SH,20151026,28759084097455.0,21456302395435.0,13.5,1.71
000300.SH,20151027,28712956196066.0,21439332457587.0,13.47,1.71
000300.SH,20151028,28274806951505.0,21103917474809.0,13.27,1.68
000300.SH,20151029,28295578856585.0,21128288798190.0,13.28,1.68
000300.SH,20151030,28268423687706.0,21098684581062.0,13.27,1.67
000300.SH,20151102,27817310958716.0,20749967916609.0,13.05,1.63
000300.SH,20151103,27682825228422.0,20657223386876.0,12.99,1.62
000300.SH,20151104,28889220580070.0,21548600748372.0,13.56,1.69
000300.SH,20151105,29547629795700.0,22031075426190.0,13.87,1.73
000300.SH,20151106,30113216867263.0,22449069168157.0,14.13,1.77
000300.SH,20151109,30637758755267.0,22821060802138.0,14.38,1.8
000300.SH,20151110,30536761337212.0,22748030134730.0,14.33,1.79
000300.SH,20151111,30476369061037.0,22704912221295.0,14.3,1.79
000300.SH,20151112,30170197956931.0,22481809477052.0,14.16,1.77
000300.SH,20151113,29784772369008.0,22147073950784.0,13.98,1.75
000300.SH,20151116,29905858548969.0,22302079676377.0,14.03,1.75
000300.SH,20151117,29930156890647.0,22315645178168.0,14.05,1.75
000300.SH,20151118,29682632238958.0,22137194972591.0,13.93,1.74
000300.SH,20151119,30025678042838.0,22397510839410.0,14.09,1.76
000300.SH,20151120,29991485037823.0,22384364912954.0,14.07,1.76
000300.SH,20151123,29851035601073.0,22272207103437.0,14.01,1.75
000300.SH,20151124,29826009338560.0,22250923525266.0,14.0,1.75
000300.SH,20151125,30022766509992.0,22406616892542.0,14.09,1.76
000300.SH,20151126,29895810485061.0,22306299942405.0,14.03,1.75
000300.SH,20151127,28375537485894.0,21145235571569.0,13.32,1.66
000300.SH,20151130,28471879289046.0,21204237123618.0,13.36,1.67
000300.SH,20151201,28547150160539.0,21292953110811.0,13.4,1.67
000300.SH,20151202,29608609156782.0,22066987255145.0,13.89,1.73
000300.SH,20151203,29973745220418.0,22315021515787.0,14.07,1.76
000300.SH,20151204,29312461151191.0,21842788571596.0,13.76,1.72
000300.SH,20151207,29303864957614.0,21852245372862.0,13.75,1.72
000300.SH,20151208,28790125577436.0,21468737561601.0,13.51,1.69
000300.SH,20151209,28885088477852.0,21539617833651.0,13.55,1.69
000300.SH,20151210,28750338011058.0,21433892003358.0,13.49,1.68
000300.SH,20151211,28610834578041.0,21334273827021.0,13.43,1.68
000300.SH,20151214,30266168510416.0,22177838283314.0,14.08,1.75
000300.SH,20151215,30052466462678.0,22031170495700.0,13.98,1.74
000300.SH,20151216,30039212959305.0,22003914235107.0,13.97,1.74
000300.SH,20151217,30518217207914.0,22353581010142.0,14.2,1.77
000300.SH,20151218,30585791238621.0,22388415744500.0,14.23,1.77
000300.SH,20151221,31215339247036.0,22871372681585.0,14.52,1.8
000300.SH,20151222,31234789705633.0,22893207783874.0,14.53,1.81
000300.SH,20151223,31185251001386.0,22851330148212.0,14.51,1.8
000300.SH,20151224,30936006661471.0,22665195244235.0,14.39,1.79
000300.SH,20151225,30977704953827.0,22706634940848.0,14.41,1.79
000300.SH,20151228,30177118963468.0,22106049578150.0,14.04,1.74
000300.SH,20151229,30415125651971.0,22300346518515.0,14.15,1.76
000300.SH,20151230,30485112475000.0,22325105587577.0,14.19,1.76
000300.SH,20151231,30241571223042.0,22153003217052.0,14.07,1.74
000300.SH,20160104,28357801247492.0,20761299463337.0,13.2,1.63
000300.SH,20160105,28416021672600.0,20815540425684.0,13.23,1.63
000300.SH,20160106,28958420023454.0,21214655204386.0,13.48,1.66
000300.SH,20160107,27143270878452.0,19916893109861.0,12.63,1.56
000300.SH,20160108,27735552809782.0,20337871518442.0,12.91,1.59
000300.SH,20160111,26449675173124.0,19404921216527.0,12.31,1.52
000300.SH,20160112,26616220140191.0,19529010370941.0,12.39,1.53
000300.SH,20160113,26122205398019.0,19165892349222.0,12.16,1.5
000300.SH,20160114,26558269875191.0,19482127955572.0,12.36,1.52
000300.SH,20160115,25688412808448.0,18848113728563.0,11.96,1.47
000300.SH,20160118,25722323155346.0,18884589291352.0,11.97,1.47
000300.SH,20160119,26464738760420.0,19428536647596.0,12.32,1.52
000300.SH,20160120,26134157724137.0,19178884488302.0,12.16,1.5
000300.SH,20160121,25424417281867.0,18661708284481.0,11.83,1.45
000300.SH,20160122,25687410542570.0,18877236690828.0,11.96,1.47
000300.SH,20160125,25812562615338.0,18971677417756.0,12.01,1.47
000300.SH,20160126,24286259398289.0,17878062579363.0,11.3,1.39
000300.SH,20160127,24228352781639.0,17856775296632.0,11.28,1.38
000300.SH,20160128,23666914521631.0,17443235598908.0,11.01,1.35
000300.SH,20160129,24346173505960.0,17940265518288.0,11.33,1.39
000300.SH,20160201,23917017293741.0,17625710518998.0,11.13,1.36
000300.SH,20160202,24352646832311.0,17946022060633.0,11.33,1.39
000300.SH,20160203,24196970299767.0,17830534262505.0,11.26,1.38
000300.SH,20160204,24474367590979.0,18053880076362.0,11.39,1.4
000300.SH,20160205,24326144657565.0,17951248912859.0,11.32,1.39
000300.SH,20160215,24141453667832.0,17831013096807.0,11.23,1.38
000300.SH,20160216,24854371015309.0,18351216517478.0,11.56,1.42
000300.SH,20160217,25072445454457.0,18526305475075.0,11.66,1.43
000300.SH,20160218,24991854816621.0,18464973148408.0,11.62,1.42
000300.SH,20160219,24935960880842.0,18424618776928.0,11.6,1.42
000300.SH,20160222,25521527604179.0,18846984994358.0,11.87,1.45
000300.SH,20160223,25278401688491.0,18673828898510.0,11.76,1.44
000300.SH,20160224,25439162630347.0,18808990765003.0,11.83,1.45
000300.SH,20160225,23983219448325.0,17746979266225.0,11.15,1.37
000300.SH,20160226,24258805504037.0,17956490504138.0,11.28,1.38
000300.SH,20160229,23796840773222.0,17624827917411.0,11.04,1.35
000300.SH,20160301,24185371794850.0,17902637597661.0,11.18,1.38
000300.SH,20160302,25123498024101.0,18597739823058.0,11.61,1.43
000300.SH,20160303,25192092497544.0,18660570514361.0,11.64,1.43
000300.SH,20160304,25624856740714.0,18981735164939.0,11.85,1.46
000300.SH,20160307,25670632465078.0,19016279473396.0,11.84,1.46
000300.SH,20160308,25686413055982.0,19032275113728.0,11.86,1.46
000300.SH,20160309,25458072502442.0,18866681208662.0,11.75,1.45
000300.SH,20160310,24975455917739.0,18499360909621.0,11.51,1.42
000300.SH,20160311,25059197111424.0,18552339720638.0,11.54,1.43
000300.SH,20160314,25384870084797.0,18782775168091.0,11.65,1.45
000300.SH,20160315,25456350604025.0,18839327289693.0,11.68,1.45
000300.SH,20160316,25618989023295.0,18968001016795.0,11.67,1.46
000300.SH,20160317,25817859269244.0,19104073226044.0,11.75,1.47
000300.SH,20160318,26116055801992.0,19330282492318.0,11.79,1.48
000300.SH,20160321,26623115470001.0,19694267603038.0,11.95,1.51
000300.SH,20160322,26435328295820.0,19550494967387.0,11.87,1.5
000300.SH,20160323,26502432159837.0,19642854524144.0,11.91,1.5
000300.SH,20160324,26069494038119.0,19325831686706.0,12.06,1.48
000300.SH,20160325,26190146522186.0,19425189690560.0,12.22,1.48
000300.SH,20160328,26001693870081.0,19293971555016.0,12.07,1.47
000300.SH,20160329,25743640643176.0,19097618290571.0,11.91,1.46
000300.SH,20160330,26386694681496.0,19573541133075.0,12.22,1.49
000300.SH,20160331,26379180277086.0,19583467240367.0,12.16,1.47
000300.SH,20160401,26439246845575.0,19629376675445.0,12.19,1.47
000300.SH,20160405,26725541486685.0,19843824922836.0,12.31,1.49
000300.SH,20160406,26653888377529.0,19800179918886.0,12.28,1.49
000300.SH,20160407,26282904652699.0,19524228561803.0,12.08,1.46
000300.SH,20160408,26090147069833.0,19382557160207.0,12.0,1.45
000300.SH,20160411,26442526915573.0,19643482512464.0,12.16,1.47
000300.SH,20160412,26364788559000.0,19591116067057.0,12.14,1.47
000300.SH,20160413,26737133815136.0,19866915147787.0,12.3,1.49
000300.SH,20160414,26821761567756.0,19923822362198.0,12.35,1.49
000300.SH,20160415,26832173507835.0,19885977272514.0,12.34,1.49
000300.SH,20160418,26486282725386.0,19627968523320.0,12.14,1.47
000300.SH,20160419,26545382486701.0,19674103352766.0,12.12,1.47
000300.SH,20160420,26131174583115.0,19370878690323.0,11.95,1.45
000300.SH,20160421,25977553733513.0,19254506850297.0,11.87,1.44
000300.SH,20160422,26054734829749.0,19314923820503.0,11.89,1.44
000300.SH,20160425,25955182028218.0,19246196708714.0,11.83,1.44
000300.SH,20160426,26062560723976.0,19355665423696.0,11.92,1.44
000300.SH,20160427,25956949836945.0,19279443302929.0,11.8,1.43
000300.SH,20160428,25932904851555.0,19263842871609.0,11.8,1.42
000300.SH,20160429,25868678755924.0,19214934605020.0,11.78,1.4
000300.SH,20160503,26267318833282.0,19521731038517.0,11.97,1.41
000300.SH,20160504,26219964976866.0,19485206977797.0,11.95,1.4
000300.SH,20160505,26257392419473.0,19506893591096.0,11.96,1.4
000300.SH,20160506,25639627755049.0,19038138026926.0,11.68,1.37
000300.SH,20160509,25107301937915.0,18635468312261.0,11.44,1.34
000300.SH,20160510,25137463628244.0,18652837491940.0,11.45,1.35
000300.SH,20160511,25256617168390.0,18745279084906.0,11.51,1.35
000300.SH,20160512,25293520987797.0,18768804585245.0,11.53,1.35
000300.SH,20160513,25200417802519.0,18698261364532.0,11.48,1.35
000300.SH,20160516,25336259891114.0,18835795830073.0,11.54,1.37
000300.SH,20160517,25295773735726.0,18805850851625.0,11.53,1.37
000300.SH,20160518,25159885163663.0,18699694842766.0,11.46,1.37
000300.SH,20160519,25108953783713.0,18657815710849.0,11.44,1.36
000300.SH,20160520,25223875803635.0,18749444724016.0,11.49,1.37
000300.SH,20160523,25304734376227.0,18799945944141.0,11.53,1.37
000300.SH,20160524,25158496942063.0,18698995388603.0,11.46,1.37
000300.SH,20160525,25140932292019.0,18708212413184.0,11.46,1.36
000300.SH,20160526,25172716709573.0,18727410709274.0,11.47,1.37
000300.SH,20160527,25155463240152.0,18714522422492.0,11.46,1.37
000300.SH,20160530,25214654087190.0,18758339555387.0,11.49,1.37
000300.SH,20160531,25979956218282.0,19310092633970.0,11.84,1.41
000300.SH,20160601,25912438965342.0,19280408171285.0,11.81,1.41
000300.SH,20160602,25952952928070.0,19310791373566.0,11.83,1.41
000300.SH,20160603,26106890977139.0,19429391324786.0,11.9,1.42
000300.SH,20160606,26072714048378.0,19383280952638.0,11.88,1.41
000300.SH,20160607,26072962994725.0,19357483857176.0,11.88,1.41
000300.SH,20160608,25980843320206.0,19320234283663.0,11.84,1.41
000300.SH,20160613,25511346677184.0,18732345846090.0,11.59,1.39
000300.SH,20160614,25595355193810.0,18791526915029.0,11.63,1.39
000300.SH,20160615,25851991891313.0,18960166829083.0,11.75,1.4
000300.SH,20160616,25679380652598.0,18818961189995.0,11.67,1.4
000300.SH,20160617,25787836874307.0,18915120845913.0,11.72,1.4
000300.SH,20160620,25814572592402.0,18930777188335.0,11.73,1.4
000300.SH,20160621,25775952762642.0,18931816451679.0,11.71,1.4
000300.SH,20160622,25992428532447.0,19084164734973.0,11.81,1.41
000300.SH,20160623,25895994187878.0,18953546133033.0,11.77,1.41
000300.SH,20160624,25552902042831.0,18751772150752.0,11.61,1.38
000300.SH,20160627,25848380353866.0,19028889349256.0,11.74,1.4
000300.SH,20160628,25968316759052.0,19105941947777.0,11.8,1.4
000300.SH,20160629,26103473276984.0,19207241344732.0,11.86,1.41
000300.SH,20160630,26068303134361.0,19273853211898.0,11.84,1.41
000300.SH,20160701,26089722669134.0,19308820933304.0,11.85,1.41
000300.SH,20160704,26522568206321.0,19634330155212.0,12.05,1.44
000300.SH,20160705,26595335695382.0,19685517217443.0,12.08,1.44
000300.SH,20160706,26651412264171.0,19723678356688.0,12.11,1.45
000300.SH,20160707,26597651103046.0,19678678320111.0,12.08,1.45
000300.SH,20160708,26345727146347.0,19484022512824.0,11.97,1.44
000300.SH,20160711,26442104108747.0,19532648657737.0,12.01,1.45
000300.SH,20160712,27022884815762.0,19965026412946.0,12.28,1.48
000300.SH,20160713,27132669376091.0,20029869114903.0,12.33,1.49
000300.SH,20160714,27036354492874.0,19972620684949.0,12.28,1.49
000300.SH,20160715,27073121566830.0,19972595381795.0,12.3,1.49
000300.SH,20160718,27009023843024.0,19938675444433.0,12.27,1.48
000300.SH,20160719,26874284499468.0,19837195124203.0,12.21,1.48
000300.SH,20160720,26765027746254.0,19767765143067.0,12.16,1.47
000300.SH,20160721,26865271270466.0,19847005271181.0,12.21,1.48
000300.SH,20160722,26655101484149.0,19699613028120.0,12.11,1.47
000300.SH,20160725,26684385538515.0,19716202900113.0,12.12,1.47
000300.SH,20160726,26981150695387.0,19938976798089.0,12.26,1.48
000300.SH,20160727,26633727778196.0,19699096380034.0,12.1,1.47
000300.SH,20160728,26629026627321.0,19703463386984.0,12.1,1.46
000300.SH,20160729,26541445305901.0,19623763941336.0,12.06,1.46
000300.SH,20160801,26408724802595.0,19509297665353.0,12.0,1.45
000300.SH,20160802,26500039806451.0,19581241511053.0,12.04,1.46
000300.SH,20160803,26499032490542.0,19588548426045.0,12.04,1.46
000300.SH,20160804,26520119272657.0,19612731105867.0,12.05,1.46
000300.SH,20160805,26527018530245.0,19621400775518.0,12.05,1.46
000300.SH,20160808,26754252001659.0,19782542844322.0,12.16,1.47
000300.SH,20160809,26920011887324.0,19908766665408.0,12.23,1.48
000300.SH,20160810,26837687640398.0,19832914766794.0,12.19,1.48
000300.SH,20160811,26834933244892.0,19826712347903.0,12.19,1.48
000300.SH,20160812,27342716986145.0,20189401463795.0,12.42,1.5
000300.SH,20160815,28083378009987.0,20738267012254.0,12.76,1.54
000300.SH,20160816,27858597987576.0,20587194105995.0,12.66,1.53
000300.SH,20160817,27810003933602.0,20555752070406.0,12.64,1.53
000300.SH,20160818,27750444502157.0,20507773834207.0,12.61,1.52
000300.SH,20160819,27780819297275.0,20529025098011.0,12.62,1.52
000300.SH,20160822,27611826157998.0,20435452336728.0,12.55,1.51
000300.SH,20160823,27665128849012.0,20467788385458.0,12.57,1.52
000300.SH,20160824,27586532367377.0,20411693672927.0,12.53,1.51
000300.SH,20160825,27444191400844.0,20304516064286.0,12.47,1.5
000300.SH,20160826,27419347715625.0,20278306246061.0,12.46,1.49
000300.SH,20160829,27406741279025.0,20276673799643.0,12.45,1.49
000300.SH,20160830,27472692355254.0,20327989511731.0,12.48,1.5
000300.SH,20160831,27591142817814.0,20418352185744.0,12.54,1.5
000300.SH,20160901,27422947485826.0,20286501601194.0,12.46,1.48
000300.SH,20160902,27492285076527.0,20343794351540.0,12.49,1.49
000300.SH,20160905,27519234945542.0,20366024121527.0,12.5,1.49
000300.SH,20160906,27627217642621.0,20453772536446.0,12.55,1.5
000300.SH,20160907,27630289137144.0,20452873384344.0,12.55,1.5
000300.SH,20160908,27623468879410.0,20451683725882.0,12.55,1.49
000300.SH,20160909,27478810025981.0,20338682964693.0,12.48,1.49
000300.SH,20160912,27040862588512.0,20021679082961.0,12.29,1.46
000300.SH,20160913,26999179987472.0,19992004030644.0,12.27,1.46
000300.SH,20160914,26797125796689.0,19844773540924.0,12.17,1.45
000300.SH,20160919,26972216926726.0,20049090341862.0,12.25,1.46
000300.SH,20160920,26923722357591.0,20015643964915.0,12.23,1.46
000300.SH,20160921,26983611805351.0,20058086941594.0,12.26,1.46
000300.SH,20160922,27165511418257.0,20195981609000.0,12.34,1.47
000300.SH,20160923,27089194226056.0,20134993255865.0,12.31,1.47
000300.SH,20160926,26672179228371.0,19818628948884.0,12.12,1.44
000300.SH,20160927,26830125823198.0,19925897233256.0,12.19,1.45
000300.SH,20160928,26734093708360.0,19870017589535.0,12.15,1.45
000300.SH,20160929,26849615049656.0,19956517559291.0,12.2,1.45
000300.SH,20160930,26898741322849.0,19995727434671.0,12.22,1.46
000300.SH,20161010,27229826845774.0,20240557570166.0,12.37,1.48
000300.SH,20161011,27319831580955.0,20315181253720.0,12.41,1.48
000300.SH,20161012,27261192803380.0,20265653539366.0,12.39,1.48
000300.SH,20161013,27267031918092.0,20273690575151.0,12.39,1.48
000300.SH,20161014,27310768175850.0,20309707486516.0,12.41,1.48
000300.SH,20161017,27102914566007.0,20156709527523.0,12.31,1.47
000300.SH,20161018,27459697439121.0,20421760816295.0,12.48,1.49
000300.SH,20161019,27439028423204.0,20407649992133.0,12.47,1.49
000300.SH,20161020,27465238432204.0,20415944880121.0,12.48,1.49
000300.SH,20161021,27567760518679.0,20536098870135.0,12.53,1.49
000300.SH,20161024,27909042331520.0,20785259428382.0,12.68,1.51
000300.SH,20161025,27897181685267.0,20774331587222.0,12.67,1.51
000300.SH,20161026,27761949721148.0,20677389239697.0,12.61,1.5
000300.SH,20161027,27683367995520.0,20617286526426.0,12.58,1.49
000300.SH,20161028,27669076910997.0,20599391872852.0,12.57,1.47
000300.SH,20161031,27628020315304.0,20570608202562.0,12.55,1.43
000300.SH,20161101,27779097221244.0,20676894764207.0,12.62,1.44
000300.SH,20161102,27565911255095.0,20516052048574.0,12.52,1.43
000300.SH,20161103,27800522429067.0,20695466986398.0,12.63,1.44
000300.SH,20161104,27712860556301.0,20641837747251.0,12.59,1.43
000300.SH,20161107,27752193588951.0,20677413330519.0,12.61,1.44
000300.SH,20161108,27875841936373.0,20767845657774.0,12.67,1.44
000300.SH,20161109,27706309135166.0,20643494201758.0,12.59,1.43
000300.SH,20161110,28021826469855.0,20875505574729.0,12.73,1.45
000300.SH,20161111,28238727384778.0,21036077017136.0,12.83,1.46
000300.SH,20161114,28373805085448.0,21133979674846.0,12.89,1.47
000300.SH,20161115,28325364752064.0,21102353803521.0,12.87,1.47
000300.SH,20161116,28323593585082.0,21100641875030.0,12.87,1.47
000300.SH,20161117,28366862581643.0,21144034395131.0,12.89,1.47
000300.SH,20161118,28209749860320.0,21034897615986.0,12.82,1.46
000300.SH,20161121,28462107116727.0,21222945978379.0,12.93,1.47
000300.SH,20161122,28729914275425.0,21426704550639.0,13.05,1.49
000300.SH,20161123,28757090920487.0,21449674167478.0,13.07,1.49
000300.SH,20161124,28817138304780.0,21501849274747.0,13.09,1.49
000300.SH,20161125,29097639134489.0,21704284010555.0,13.22,1.51
000300.SH,20161128,29269331033737.0,21843355412328.0,13.3,1.51
000300.SH,20161129,29498844205792.0,22039662001957.0,13.4,1.53
000300.SH,20161130,29187234259198.0,21805164193328.0,13.26,1.51
000300.SH,20161201,29401887494145.0,21970186244444.0,13.36,1.52
000300.SH,20161202,29237618283121.0,21832242326495.0,13.28,1.52
000300.SH,20161205,28817305718832.0,21501373134428.0,13.09,1.5
000300.SH,20161206,28700898867348.0,21430256099495.0,13.04,1.49
000300.SH,20161207,28809444373001.0,21522068871945.0,13.09,1.5
000300.SH,20161208,28761324543999.0,21492545228839.0,13.07,1.49
000300.SH,20161209,29055171807184.0,21695234165642.0,13.2,1.5
000300.SH,20161212,28460622704576.0,20961713871759.0,13.06,1.51
000300.SH,20161213,28389208238343.0,20929859645916.0,13.03,1.5
000300.SH,20161214,28230369433875.0,20806761856805.0,12.96,1.49
000300.SH,20161215,27802241592139.0,20504925913261.0,12.76,1.47
000300.SH,20161216,27810034610714.0,20509473382066.0,12.77,1.47
000300.SH,20161219,27722245865146.0,20509513689227.0,12.73,1.47
000300.SH,20161220,27547864899186.0,20383302602155.0,12.65,1.46
000300.SH,20161221,27855293864969.0,20615999731256.0,12.79,1.47
000300.SH,20161222,27876473025105.0,20640297882164.0,12.8,1.48
000300.SH,20161223,27686859781122.0,20498712095053.0,12.71,1.47
000300.SH,20161226,27805099970593.0,20593267576552.0,12.76,1.47
000300.SH,20161227,27704791845677.0,20514775989664.0,12.72,1.47
000300.SH,20161228,27602903420629.0,20435952903825.0,12.67,1.46
000300.SH,20161229,27579393909772.0,20446713135713.0,12.66,1.46
000300.SH,20161230,27683870296170.0,20526522658166.0,12.71,1.46
000300.SH,20170103,27959909895392.0,20739339561517.0,12.83,1.48
000300.SH,20170104,28142718315277.0,20889097307916.0,12.92,1.49
000300.SH,20170105,28199757867628.0,20940618423526.0,12.94,1.49
000300.SH,20170106,28122470464844.0,20899444220533.0,12.91,1.49
000300.SH,20170109,28249614625062.0,21028148631527.0,12.97,1.49
000300.SH,20170110,28190330838614.0,20986754068901.0,12.94,1.49
000300.SH,20170111,28042695970615.0,20854308343892.0,12.87,1.48
000300.SH,20170112,27943669881615.0,20773475022209.0,12.83,1.48
000300.SH,20170113,28009911184809.0,20823467949296.0,12.86,1.48
000300.SH,20170116,28120041237601.0,20915492389023.0,12.91,1.48
000300.SH,20170117,28147546912001.0,20936599718538.0,12.92,1.49
000300.SH,20170118,28248236598311.0,21023067717971.0,12.97,1.49
000300.SH,20170119,28166814460903.0,20945125048530.0,12.93,1.49
000300.SH,20170120,28306220805299.0,21055700044195.0,12.99,1.49
000300.SH,20170123,28393471028346.0,21124822678062.0,13.03,1.5
000300.SH,20170124,28506527384323.0,21222593299017.0,13.09,1.5
000300.SH,20170125,28575716203141.0,21272448571440.0,13.11,1.5
000300.SH,20170126,28672549181892.0,21328450612034.0,13.15,1.51
000300.SH,20170203,28449544137068.0,21211628011219.0,13.05,1.5
000300.SH,20170206,28515898965965.0,21284459381609.0,13.08,1.5
000300.SH,20170207,28454909315033.0,21237915806718.0,13.05,1.5
000300.SH,20170208,28563551343767.0,21316740210485.0,13.1,1.5
000300.SH,20170209,28676355294867.0,21396602092345.0,13.16,1.51
000300.SH,20170210,28833010382702.0,21515427660819.0,13.23,1.52
000300.SH,20170213,29018838170063.0,21652944015739.0,13.31,1.53
000300.SH,20170214,29007532703906.0,21636195368820.0,13.26,1.53
000300.SH,20170215,28998927511349.0,21613488703412.0,13.26,1.53
000300.SH,20170216,29104707899175.0,21690280614334.0,13.31,1.53
000300.SH,20170217,28901017057296.0,21545645133237.0,13.22,1.52
000300.SH,20170220,29290421402351.0,21846266494385.0,13.39,1.54
000300.SH,20170221,29367546975705.0,21906299448034.0,13.46,1.55
000300.SH,20170222,29442192274227.0,21960569855192.0,13.5,1.55
000300.SH,20170223,29309327899971.0,21855236555235.0,13.44,1.55
000300.SH,20170224,29267688611034.0,21830246000843.0,13.42,1.55
000300.SH,20170227,29075927032409.0,21694461699154.0,13.32,1.54
000300.SH,20170228,29138055267688.0,21740706471710.0,13.34,1.54
000300.SH,20170301,29176590446289.0,21774769358417.0,13.36,1.54
000300.SH,20170302,29006093648321.0,21635576925496.0,13.29,1.53
000300.SH,20170303,28895873554864.0,21550919301822.0,13.24,1.53
000300.SH,20170306,28987657847722.0,21612196712054.0,13.29,1.53
000300.SH,20170307,29065203445758.0,21681485369373.0,13.32,1.54
000300.SH,20170308,29032966752822.0,21672843571130.0,13.31,1.54
000300.SH,20170309,28846078028499.0,21526743824540.0,13.22,1.53
000300.SH,20170310,28817073084276.0,21509168055062.0,13.2,1.52
000300.SH,20170313,29051490622952.0,21678904191881.0,13.31,1.54
000300.SH,20170314,29075982256557.0,21688867040543.0,13.32,1.54
000300.SH,20170315,29114128556475.0,21722673394355.0,13.33,1.54
000300.SH,20170316,29249019336230.0,21825067518742.0,13.39,1.55
000300.SH,20170317,28973129155411.0,21619624998634.0,13.27,1.53
000300.SH,20170320,29054890674243.0,21715766290847.0,13.26,1.53
000300.SH,20170321,29165965253433.0,21810623470169.0,13.32,1.54
000300.SH,20170322,28983925214323.0,21694981781911.0,13.24,1.53
000300.SH,20170323,29055142493631.0,21737407270864.0,13.28,1.53
000300.SH,20170324,29277259758894.0,21910622001106.0,13.51,1.55
000300.SH,20170327,29248944846788.0,21870802094042.0,13.39,1.54
000300.SH,20170328,29170854586844.0,21812073674083.0,13.32,1.54
000300.SH,20170329,29167134821178.0,21814400325138.0,13.4,1.54
000300.SH,20170330,29009160782170.0,21696485137374.0,13.45,1.52
000300.SH,20170331,29175613777202.0,21823696888212.0,13.76,1.53
000300.SH,20170405,29548380398020.0,22099864292136.0,13.93,1.55
000300.SH,20170406,29612236177659.0,22161641948456.0,13.94,1.55
000300.SH,20170407,29678028929252.0,22211610568468.0,13.98,1.55
000300.SH,20170410,29594565463051.0,22188514352285.0,13.94,1.55
000300.SH,20170411,29718269512794.0,22251895720238.0,13.99,1.55
000300.SH,20170412,29703886175357.0,22238341578914.0,13.98,1.55
000300.SH,20170413,29696402966096.0,22246419884361.0,13.94,1.55
000300.SH,20170414,29477632132601.0,22083578112477.0,13.84,1.54
000300.SH,20170417,29420776999057.0,22047736253752.0,13.82,1.53
000300.SH,20170418,29228006243456.0,21918672598697.0,13.77,1.52
000300.SH,20170419,29009479837535.0,21757227900547.0,13.66,1.51
000300.SH,20170420,29099239929569.0,21839019265126.0,13.68,1.51
000300.SH,20170421,29259511948267.0,21906548859888.0,13.73,1.52
000300.SH,20170424,29043934835609.0,21738856092410.0,13.62,1.51
000300.SH,20170425,29091741399462.0,21783954386631.0,13.64,1.51
000300.SH,20170426,29158463590672.0,21814231670048.0,13.62,1.51
000300.SH,20170427,29199229030312.0,21851549343510.0,13.64,1.51
000300.SH,20170428,29175614849066.0,21819258890768.0,13.5,1.49
000300.SH,20170502,29015322260956.0,21705379019782.0,13.33,1.46
000300.SH,20170503,28889554998375.0,21612344167951.0,13.28,1.45
000300.SH,20170504,28850872441937.0,21576713437959.0,13.26,1.45
000300.SH,20170505,28730598266643.0,21475483680591.0,13.2,1.44
000300.SH,20170508,28637603124099.0,21384710266784.0,13.16,1.44
000300.SH,20170509,28568851072673.0,21336098126982.0,13.13,1.44
000300.SH,20170510,28492817641627.0,21265568054848.0,13.09,1.43
000300.SH,20170511,28686767745812.0,21441254074043.0,13.18,1.44
000300.SH,20170512,28983281530377.0,21642471444332.0,13.32,1.46
000300.SH,20170515,29065611020906.0,21717175240608.0,13.36,1.46
000300.SH,20170516,29166593696819.0,21814636195183.0,13.4,1.47
000300.SH,20170517,28983316651269.0,21684845516818.0,13.32,1.46
000300.SH,20170518,28925948534981.0,21617137610864.0,13.29,1.46
000300.SH,20170519,28941612470307.0,21657171745304.0,13.3,1.46
000300.SH,20170522,29069570359595.0,21739698189526.0,13.36,1.46
000300.SH,20170523,29286723549151.0,21907264941218.0,13.46,1.47
000300.SH,20170524,29264155030354.0,21892059061123.0,13.45,1.47
000300.SH,20170525,29752178277293.0,22160076609845.0,13.67,1.5
000300.SH,20170526,29773124160736.0,22232191153435.0,13.68,1.5
000300.SH,20170531,29890035740184.0,22292530252388.0,13.74,1.5
000300.SH,20170601,30015959279120.0,22420906835063.0,13.79,1.51
000300.SH,20170602,29890050691011.0,22334535817092.0,13.74,1.5
000300.SH,20170605,29594463173023.0,22124208776445.0,13.6,1.49
000300.SH,20170606,29740902146652.0,22237638926990.0,13.67,1.5
000300.SH,20170607,30024665341565.0,22491081906762.0,13.8,1.51
000300.SH,20170608,30184324376975.0,22615586074294.0,13.87,1.52
000300.SH,20170609,30302438676843.0,22709196123715.0,13.93,1.53
000300.SH,20170612,31287618878732.0,22654087357795.0,14.05,1.55
000300.SH,20170613,31335043664931.0,22680815984103.0,14.07,1.55
000300.SH,20170614,30998099376980.0,22428971373783.0,13.92,1.54
000300.SH,20170615,30879853168843.0,22346411723865.0,13.86,1.53
000300.SH,20170616,30780707095114.0,22249280526552.0,13.82,1.53
000300.SH,20170619,30974659739963.0,22416267066331.0,13.9,1.54
000300.SH,20170620,30947912174036.0,22401383486978.0,13.89,1.54
000300.SH,20170621,31207305828752.0,22608487743120.0,14.01,1.55
000300.SH,20170622,31307781261212.0,22671484931443.0,14.05,1.56
000300.SH,20170623,31518851078674.0,22839407880576.0,14.15,1.57
000300.SH,20170626,31768341007253.0,23038257666690.0,14.26,1.58
000300.SH,20170627,31811449533015.0,23061396104661.0,14.28,1.58
000300.SH,20170628,31623694197792.0,22921694817181.0,14.2,1.57
000300.SH,20170629,31808076163132.0,23030134894213.0,14.28,1.58
000300.SH,20170630,31779047724774.0,23078068318621.0,14.27,1.59
000300.SH,20170703,31693878800040.0,23032628783513.0,14.23,1.58
000300.SH,20170704,31526061886007.0,22910301665917.0,14.15,1.58
000300.SH,20170705,31772853470781.0,23098534821646.0,14.26,1.59
000300.SH,20170706,31801833130957.0,23123064758673.0,14.28,1.59
000300.SH,20170707,31770162104028.0,23095322423876.0,14.26,1.59
000300.SH,20170710,31724083730832.0,23085924388380.0,14.24,1.59
000300.SH,20170711,31830865027429.0,23164952350221.0,14.29,1.61
000300.SH,20170712,31772956798119.0,23082135308622.0,14.26,1.61
000300.SH,20170713,32022866879900.0,23284047536033.0,14.38,1.62
000300.SH,20170714,32125036583104.0,23363621942642.0,14.42,1.63
000300.SH,20170717,32081553658167.0,23331225434720.0,14.4,1.63
000300.SH,20170718,32043556049542.0,23303646473448.0,14.38,1.63
000300.SH,20170719,32434052131079.0,23605758348479.0,14.56,1.65
000300.SH,20170720,32567098373978.0,23712275002356.0,14.62,1.66
000300.SH,20170721,32434140884412.0,23635879012228.0,14.56,1.65
000300.SH,20170724,32497779570418.0,23694510095900.0,14.59,1.66
000300.SH,20170725,32468392030607.0,23653472119994.0,14.58,1.65
000300.SH,20170726,32532840039371.0,23653571889680.0,14.6,1.66
000300.SH,20170727,32524080537145.0,23644237253525.0,14.6,1.66
000300.SH,20170728,32590667839822.0,23692712808123.0,14.63,1.66
000300.SH,20170731,32669835016594.0,23763396339121.0,14.67,1.66
000300.SH,20170801,32971611341712.0,23980766680351.0,14.8,1.68
000300.SH,20170802,32969827056370.0,23997749943152.0,14.8,1.68
000300.SH,20170803,32716191493834.0,23806645014125.0,14.69,1.66
000300.SH,20170804,32588964578248.0,23719307908449.0,14.63,1.66
000300.SH,20170807,32694225835983.0,23810139342252.0,14.68,1.66
000300.SH,20170808,32748517385930.0,23856596356410.0,14.7,1.67
000300.SH,20170809,32578317943947.0,23776969625183.0,14.62,1.66
000300.SH,20170810,32480507663889.0,23705882859585.0,14.58,1.65
000300.SH,20170811,31998718199519.0,23345553449894.0,14.36,1.63
000300.SH,20170814,32240396264082.0,23532618483983.0,14.47,1.64
000300.SH,20170815,32441578363086.0,23650887853127.0,14.56,1.65
000300.SH,20170816,32383269221483.0,23609244854637.0,14.54,1.65
000300.SH,20170817,32544834723690.0,23728085133210.0,14.61,1.66
000300.SH,20170818,32562051162770.0,23739242051712.0,14.62,1.66
000300.SH,20170821,32683383022815.0,23835735036502.0,14.67,1.66
000300.SH,20170822,32779367583808.0,23909528249241.0,14.71,1.66
000300.SH,20170823,32903753453532.0,23978437817624.0,14.77,1.67
000300.SH,20170824,32776817412958.0,23881981823153.0,14.71,1.66
000300.SH,20170825,33438427185666.0,24349113142810.0,15.01,1.69
000300.SH,20170828,33733328184905.0,24566407735381.0,15.14,1.7
000300.SH,20170829,33732405212446.0,24553965335257.0,15.14,1.7
000300.SH,20170830,33653708175654.0,24492940130379.0,15.11,1.69
000300.SH,20170831,33514002801185.0,24377390185690.0,15.04,1.66
000300.SH,20170901,33473088930579.0,24377948920003.0,15.03,1.66
000300.SH,20170904,33638261244175.0,24517020793942.0,15.1,1.66
000300.SH,20170905,33789793341157.0,24596631043746.0,15.17,1.67
000300.SH,20170906,33749488190223.0,24593316262190.0,15.15,1.67
000300.SH,20170907,33555584836800.0,24446212761955.0,15.06,1.66
000300.SH,20170908,33526201833083.0,24419578172587.0,15.05,1.66
000300.SH,20170911,33522834808610.0,24424717671664.0,15.05,1.66
000300.SH,20170912,33613335774837.0,24497649325958.0,15.09,1.66
000300.SH,20170913,33610488355696.0,24507570695203.0,15.09,1.66
000300.SH,20170914,33457038249976.0,24410228338867.0,15.02,1.65
000300.SH,20170915,33358922464408.0,24340722800955.0,14.97,1.65
000300.SH,20170918,33417463605592.0,24387826989276.0,15.0,1.65
000300.SH,20170919,33384440170319.0,24344672784825.0,14.99,1.65
000300.SH,20170920,33452403079119.0,24387231760835.0,15.02,1.66
000300.SH,20170921,33529389284989.0,24422733542458.0,15.05,1.66
000300.SH,20170922,33546911659881.0,24448117708858.0,15.06,1.66
000300.SH,20170925,33534378148468.0,24444967732875.0,15.05,1.66
000300.SH,20170926,33547243487106.0,24465304431856.0,15.06,1.66
000300.SH,20170927,33479703990722.0,24437454507090.0,15.03,1.66
000300.SH,20170928,33475402320532.0,24437081982731.0,15.03,1.66
000300.SH,20170929,33536529967967.0,24461741087192.0,15.05,1.66
000300.SH,20171009,33831946555269.0,24693768531244.0,15.19,1.67
000300.SH,20171010,33891127605540.0,24727675376632.0,15.21,1.67
000300.SH,20171011,34017935623627.0,24830404051648.0,15.27,1.68
000300.SH,20171012,34033401071452.0,24852846126222.0,15.28,1.68
000300.SH,20171013,34042548294499.0,24863064693787.0,15.28,1.68
000300.SH,20171016,34094689140595.0,24897828868113.0,15.31,1.68
000300.SH,20171017,34033206040028.0,24872595075205.0,15.28,1.68
000300.SH,20171018,34356014951489.0,25112953961714.0,15.42,1.7
000300.SH,20171019,34331620219997.0,25099644218642.0,15.41,1.7
000300.SH,20171020,34251116395276.0,25034341169585.0,15.38,1.69
000300.SH,20171023,34222245065440.0,25015750914888.0,15.36,1.69
000300.SH,20171024,34434150320826.0,25188268695150.0,15.46,1.7
000300.SH,20171025,34469639933125.0,25228641256169.0,15.47,1.7
000300.SH,20171026,34500021778541.0,25273236355699.0,15.49,1.7
000300.SH,20171027,34748665273572.0,25475723833910.0,15.6,1.7
000300.SH,20171030,34760637253067.0,25481361896362.0,15.6,1.69
000300.SH,20171031,34693760318528.0,25419102806747.0,15.57,1.66
000300.SH,20171101,34681434891397.0,25419387705157.0,15.57,1.66
000300.SH,20171102,34746648517227.0,25414114046684.0,15.6,1.66
000300.SH,20171103,34682289869159.0,25380316203165.0,15.57,1.65
000300.SH,20171106,34776845017093.0,25473032687573.0,15.61,1.66
000300.SH,20171107,35069131941510.0,25685778996026.0,15.74,1.67
000300.SH,20171108,35021306973354.0,25644844215641.0,15.72,1.67
000300.SH,20171109,35145581066708.0,25753966221954.0,15.78,1.67
000300.SH,20171110,35217056510067.0,25833941376142.0,15.81,1.68
000300.SH,20171113,35390495662987.0,25974893969067.0,15.89,1.68
000300.SH,20171114,35196142196451.0,25828198646612.0,15.8,1.67
000300.SH,20171115,34940053397750.0,25647267408500.0,15.68,1.66
000300.SH,20171116,35018732771342.0,25778062521711.0,15.72,1.67
000300.SH,20171117,35293050804869.0,25952931698599.0,15.84,1.68
000300.SH,20171120,35522370215444.0,26114383967872.0,15.95,1.69
000300.SH,20171121,35932341761508.0,26433334156010.0,16.13,1.71
000300.SH,20171122,36227589137348.0,26625144890082.0,16.26,1.72
000300.SH,20171123,35336544044501.0,25940624273282.0,15.86,1.68
000300.SH,20171124,35343496322436.0,25949319418196.0,15.87,1.68
000300.SH,20171127,34921929996679.0,25652603565949.0,15.68,1.66
000300.SH,20171128,34875134967393.0,25632146903164.0,15.66,1.66
000300.SH,20171129,34887099938804.0,25628161758432.0,15.66,1.66
000300.SH,20171130,34588242729700.0,25399142195565.0,15.53,1.64
000300.SH,20171201,34488455977739.0,25345743996698.0,15.48,1.64
000300.SH,20171204,34605280466652.0,25456494371418.0,15.53,1.65
000300.SH,20171205,34889116666717.0,25651974396935.0,15.66,1.66
000300.SH,20171206,34666733566683.0,25493835497151.0,15.56,1.65
000300.SH,20171207,34311927390033.0,25234544857325.0,15.4,1.63
000300.SH,20171208,34464753254781.0,25351838143015.0,15.47,1.64
000300.SH,20171211,35528135323517.0,25889934666780.0,15.84,1.67
000300.SH,20171212,35070019781371.0,25560460803896.0,15.64,1.65
000300.SH,20171213,35339115309474.0,25757635756246.0,15.76,1.66
000300.SH,20171214,35133518786005.0,25603932899098.0,15.67,1.65
000300.SH,20171215,34796682637935.0,25342197447475.0,15.52,1.63
000300.SH,20171218,34890560485356.0,25415754951232.0,15.56,1.64
000300.SH,20171219,35312499412834.0,25696065389436.0,15.75,1.66
000300.SH,20171220,35303441165859.0,25696093775109.0,15.74,1.66
000300.SH,20171221,35512932496876.0,25871586864843.0,15.84,1.67
000300.SH,20171222,35430636375603.0,25819087118655.0,15.8,1.66
000300.SH,20171225,35406589662524.0,25766079420429.0,15.79,1.66
000300.SH,20171226,35624468611503.0,25911608930276.0,15.89,1.67
000300.SH,20171227,35209829091935.0,25597875449704.0,15.7,1.65
000300.SH,20171228,35485217107454.0,25793103906092.0,15.82,1.66
000300.SH,20171229,35622672105617.0,25957196861491.0,15.89,1.67
000300.SH,20180102,36116777012748.0,26319068256322.0,16.11,1.69
000300.SH,20180103,36300537093720.0,26476574912345.0,16.19,1.7
000300.SH,20180104,36434771613815.0,26627202134090.0,16.25,1.7
000300.SH,20180105,36532482228905.0,26702470581438.0,16.29,1.71
000300.SH,20180108,36692017407052.0,26855609035511.0,16.36,1.72
000300.SH,20180109,36808918513236.0,26963748965718.0,16.42,1.72
000300.SH,20180110,37070622510670.0,27162272947981.0,16.53,1.73
000300.SH,20180111,37119893551165.0,27167111648523.0,16.55,1.73
000300.SH,20180112,37261283004694.0,27288363660426.0,16.62,1.74
000300.SH,20180115,37400968919455.0,27373745657743.0,16.68,1.74
000300.SH,20180116,37692110327279.0,27555447163035.0,16.81,1.76
000300.SH,20180117,37795018795205.0,27579899939820.0,16.86,1.76
000300.SH,20180118,38271326205395.0,27850671280321.0,17.07,1.78
000300.SH,20180119,38485589009409.0,28005707031728.0,17.16,1.79
000300.SH,20180122,38731034715353.0,28275557252509.0,17.27,1.8
000300.SH,20180123,39501525595821.0,28747343612768.0,17.62,1.84
000300.SH,20180124,39548636094866.0,28827318937358.0,17.64,1.84
000300.SH,20180125,39341544821925.0,28693557111308.0,17.54,1.83
000300.SH,20180126,39511463504486.0,28808792120274.0,17.62,1.83
000300.SH,20180129,39039342040631.0,28465724895029.0,17.41,1.81
000300.SH,20180130,38534721541695.0,28083524106398.0,17.18,1.79
000300.SH,20180131,38727938602753.0,28234884293588.0,17.27,1.8
000300.SH,20180201,38707013732970.0,28200919971196.0,17.26,1.8
000300.SH,20180202,38970825130858.0,28410978598443.0,17.38,1.81
000300.SH,20180205,39308071677021.0,28604692113934.0,17.53,1.83
000300.SH,20180206,38185730659810.0,27820109607094.0,17.03,1.77
000300.SH,20180207,37097685105329.0,27053333500857.0,16.54,1.72
000300.SH,20180208,36372702107116.0,26574210620987.0,16.22,1.69
000300.SH,20180209,34898592666969.0,25475834655874.0,15.56,1.62
000300.SH,20180212,35073104744182.0,25631190577512.0,15.63,1.63
000300.SH,20180213,35496929406971.0,25938343722188.0,15.82,1.65
000300.SH,20180214,35723994181673.0,26185854494646.0,15.92,1.66
000300.SH,20180222,36556616897168.0,26821997089650.0,16.3,1.7
000300.SH,20180223,36758533955237.0,26968745562836.0,16.39,1.71
000300.SH,20180226,37118718084107.0,27272578793220.0,16.55,1.72
000300.SH,20180227,36480267983714.0,26826137443116.0,16.26,1.69
000300.SH,20180228,36082541107402.0,26537549915265.0,16.09,1.67
000300.SH,20180301,36214178402392.0,26654904629134.0,16.15,1.68
000300.SH,20180302,35945211548955.0,26455524996356.0,16.03,1.67
000300.SH,20180305,35957617785923.0,26449775227190.0,16.03,1.67
000300.SH,20180306,36296346986881.0,26708878310316.0,16.18,1.68
000300.SH,20180307,36142903334211.0,26567885988890.0,16.12,1.67
000300.SH,20180308,36327003847169.0,26725477345374.0,16.2,1.68
000300.SH,20180309,36522549827014.0,26858604095038.0,16.28,1.69
000300.SH,20180312,36610782863559.0,26955214148220.0,16.32,1.7
000300.SH,20180313,36391068760603.0,26789355003369.0,16.17,1.68
000300.SH,20180314,36215419905257.0,26680947638003.0,16.14,1.67
000300.SH,20180315,36347878699038.0,26797836798062.0,16.17,1.68
000300.SH,20180316,35989376339405.0,26524924732572.0,15.95,1.66
000300.SH,20180319,36139286730624.0,26644861427367.0,16.02,1.67
000300.SH,20180320,36282619434551.0,26733297220833.0,16.08,1.67
000300.SH,20180321,36158434249067.0,26654152379795.0,15.83,1.66
000300.SH,20180322,35872543312625.0,26436886033572.0,15.7,1.65
000300.SH,20180323,34937458437248.0,25799911022669.0,15.05,1.61
000300.SH,20180326,34464223089834.0,25478685925344.0,14.59,1.59
000300.SH,20180327,34681850095413.0,25642827102276.0,14.53,1.6
000300.SH,20180328,34170641839716.0,25239426414881.0,14.09,1.57
000300.SH,20180329,34670172268436.0,25598187480026.0,14.23,1.59
000300.SH,20180330,34652849336807.0,25569773928490.0,13.84,1.59
000300.SH,20180402,34453839417929.0,25473233798051.0,13.74,1.58
000300.SH,20180403,34186181523583.0,25270645376799.0,13.62,1.56
000300.SH,20180404,34092025537303.0,25223500577850.0,13.59,1.56
000300.SH,20180409,34115361102654.0,25247916056183.0,13.6,1.56
000300.SH,20180410,34893453363663.0,25768120358916.0,13.85,1.6
000300.SH,20180411,35095951849629.0,25905512632745.0,13.92,1.61
000300.SH,20180412,34686451041278.0,25626749632611.0,13.74,1.59
000300.SH,20180413,34439951221119.0,25432678961177.0,13.64,1.58
000300.SH,20180416,33771529393581.0,24978700425528.0,13.37,1.55
000300.SH,20180417,33325827407975.0,24638423864302.0,13.17,1.52
000300.SH,20180418,33561193171448.0,24804670275109.0,13.28,1.53
000300.SH,20180419,33904756273640.0,25086953207527.0,13.4,1.55
000300.SH,20180420,33516387614493.0,24803183890082.0,13.21,1.53
000300.SH,20180423,33588069873788.0,24850559711257.0,13.25,1.54
000300.SH,20180424,34237989494086.0,25327857320369.0,13.44,1.56
000300.SH,20180425,34032250364577.0,25184664673775.0,13.33,1.55
000300.SH,20180426,33546071733480.0,24809757041618.0,13.06,1.53
000300.SH,20180427,33689477544077.0,24900767656927.0,13.1,1.52
000300.SH,20180502,33707730059152.0,24927646216225.0,13.12,1.5
000300.SH,20180503,33908503245298.0,25106956631571.0,13.2,1.51
000300.SH,20180504,33739896404816.0,24986919950218.0,13.14,1.5
000300.SH,20180507,34222634347790.0,25374067100068.0,13.32,1.52
000300.SH,20180508,34581373598996.0,25622089928757.0,13.46,1.54
000300.SH,20180509,34551573758946.0,25599162917445.0,13.45,1.54
000300.SH,20180510,34717623649211.0,25739132807622.0,13.52,1.55
000300.SH,20180511,34663731244319.0,25664280449273.0,13.5,1.54
000300.SH,20180514,34898512226580.0,25857769475919.0,13.59,1.55
000300.SH,20180515,34999427624181.0,25930248959207.0,13.63,1.56
000300.SH,20180516,34659578208919.0,25703426488248.0,13.49,1.54
000300.SH,20180517,34472813383785.0,25558627895635.0,13.42,1.54
000300.SH,20180518,34968780809918.0,25934303453000.0,13.61,1.56
000300.SH,20180521,35053784720129.0,26024437081269.0,13.65,1.56
000300.SH,20180522,34885604808513.0,25927146379327.0,13.58,1.55
000300.SH,20180523,34351942720318.0,25523208096270.0,13.37,1.53
000300.SH,20180524,34119560417762.0,25349382027870.0,13.28,1.52
000300.SH,20180525,33999417335470.0,25249056642284.0,13.24,1.52
000300.SH,20180528,34053842933752.0,25336793013374.0,13.26,1.52
000300.SH,20180529,33845072409172.0,25166548123719.0,13.18,1.51
000300.SH,20180530,33103089341937.0,24580417995089.0,12.89,1.48
000300.SH,20180531,33689340539700.0,25102723845907.0,13.12,1.51
000300.SH,20180601,33479464610705.0,24950431762349.0,13.04,1.5
000300.SH,20180604,33778842036355.0,25188420642453.0,13.15,1.51
000300.SH,20180605,33960337407483.0,25322408279116.0,13.22,1.52
000300.SH,20180606,33891255740919.0,25280485146547.0,13.2,1.52
000300.SH,20180607,33893918859188.0,25275908667279.0,13.2,1.52
000300.SH,20180608,33411813088251.0,24931075224633.0,13.01,1.5
000300.SH,20180611,34545986995784.0,25448088583087.0,13.1,1.53
000300.SH,20180612,34901198458371.0,25775357886983.0,13.23,1.55
000300.SH,20180613,34620128403006.0,25592502391700.0,13.13,1.54
000300.SH,20180614,34567124679317.0,25528874908715.0,13.11,1.54
000300.SH,20180615,34500139682054.0,25464015128911.0,13.08,1.54
000300.SH,20180619,33555626884538.0,24784300300315.0,12.72,1.49
000300.SH,20180620,33543944035724.0,24816180364796.0,12.72,1.49
000300.SH,20180621,33176417063909.0,24553882256678.0,12.58,1.48
000300.SH,20180622,33256342679885.0,24614631785573.0,12.61,1.48
000300.SH,20180625,32791030174406.0,24298744070689.0,12.43,1.46
000300.SH,20180626,32458290487129.0,24110922425594.0,12.31,1.45
000300.SH,20180627,31957644328541.0,23735648054906.0,12.12,1.43
000300.SH,20180628,31652140141245.0,23525960166634.0,12.0,1.41
000300.SH,20180629,32347771913954.0,23963280428985.0,12.26,1.44
000300.SH,20180702,31359714030138.0,23394228680535.0,11.89,1.4
000300.SH,20180703,31409664650389.0,23391064435573.0,11.91,1.4
000300.SH,20180704,31215360353364.0,23172077105418.0,11.84,1.39
000300.SH,20180705,31132238534850.0,23082304856833.0,11.8,1.39
000300.SH,20180706,31305320684203.0,23241728383559.0,11.87,1.39
000300.SH,20180709,32204884616556.0,23883095322742.0,12.21,1.44
000300.SH,20180710,32287681776675.0,23966760718414.0,12.24,1.44
000300.SH,20180711,31762070100718.0,23587675891023.0,12.04,1.42
000300.SH,20180712,32431830829453.0,24061852919640.0,12.3,1.45
000300.SH,20180713,32332646823586.0,23999751575081.0,12.26,1.45
000300.SH,20180716,32043364585533.0,23821775278389.0,12.15,1.44
000300.SH,20180717,31714302498421.0,23613567098377.0,12.02,1.43
000300.SH,20180718,31600126900150.0,23528018580651.0,11.98,1.43
000300.SH,20180719,31520384954298.0,23478570507258.0,11.95,1.43
000300.SH,20180720,32296403821672.0,23991817775329.0,12.25,1.46
000300.SH,20180723,32689971370853.0,24261096552509.0,12.39,1.48
000300.SH,20180724,33144383409522.0,24654455001025.0,12.57,1.5
000300.SH,20180725,33118521549778.0,24635238343031.0,12.56,1.5
000300.SH,20180726,32798992700911.0,24388251624092.0,12.44,1.48
000300.SH,20180727,32687529355527.0,24317730001506.0,12.39,1.48
000300.SH,20180730,32716011372978.0,24324687273245.0,12.4,1.48
000300.SH,20180731,32827134483062.0,24396833051761.0,12.45,1.49
000300.SH,20180801,32185597496667.0,23918326846474.0,12.2,1.46
000300.SH,20180802,31541066788997.0,23440609029029.0,11.96,1.43
000300.SH,20180803,31214798580894.0,23157945963143.0,11.84,1.41
000300.SH,20180806,30940640627540.0,22927708608260.0,11.73,1.4
000300.SH,20180807,31803640294164.0,23595486924419.0,12.06,1.44
000300.SH,20180808,31361352488850.0,23278194129610.0,11.89,1.42
000300.SH,20180809,31977783964237.0,23746915735194.0,12.12,1.45
000300.SH,20180810,31948421848124.0,23742067695332.0,12.11,1.45
000300.SH,20180813,31731808257724.0,23599670944010.0,12.03,1.44
000300.SH,20180814,31653642645343.0,23540992472378.0,12.0,1.43
000300.SH,20180815,30980118857286.0,23034851119353.0,11.75,1.4
000300.SH,20180816,30840788426135.0,22914279936382.0,11.69,1.39
000300.SH,20180817,30480153499032.0,22643273958352.0,11.56,1.38
000300.SH,20180820,30898371159822.0,22945950962082.0,11.72,1.4
000300.SH,20180821,31349624201094.0,23296145691220.0,11.89,1.42
000300.SH,20180822,31165354195802.0,23149793270971.0,11.82,1.41
000300.SH,20180823,31249948714502.0,23227768683710.0,11.85,1.41
000300.SH,20180824,31372725328170.0,23299468950909.0,11.9,1.41
000300.SH,20180827,32021308635283.0,23808491670445.0,12.14,1.44
000300.SH,20180828,31969573462760.0,23763230836085.0,12.12,1.44
000300.SH,20180829,31890957033438.0,23697937039847.0,12.09,1.42
000300.SH,20180830,31549440305097.0,23441366890651.0,11.96,1.4
000300.SH,20180831,31489867045030.0,23382900075701.0,11.94,1.39
000300.SH,20180903,31404752755713.0,23307926378967.0,11.91,1.39
000300.SH,20180904,31766683439367.0,23570465428678.0,12.04,1.4
000300.SH,20180905,31163464279424.0,23139915319754.0,11.82,1.38
000300.SH,20180906,30931526481554.0,22946300647244.0,11.73,1.37
000300.SH,20180907,31042923086648.0,23043576553942.0,11.77,1.37
000300.SH,20180910,30694941063390.0,22783898851663.0,11.64,1.36
000300.SH,20180911,30637753421919.0,22750005938472.0,11.62,1.36
000300.SH,20180912,30463034381822.0,22606340724161.0,11.55,1.35
000300.SH,20180913,30854275989463.0,22889393658399.0,11.7,1.37
000300.SH,20180914,30902967337161.0,22935611205138.0,11.72,1.37
000300.SH,20180917,30600046014202.0,22708410725940.0,11.6,1.35
000300.SH,20180918,31140043085044.0,23118881851183.0,11.81,1.38
000300.SH,20180919,31543674189049.0,23431464302329.0,11.96,1.4
000300.SH,20180920,31557154521423.0,23435699739976.0,11.97,1.4
000300.SH,20180921,32546557975713.0,24139484149580.0,12.34,1.44
000300.SH,20180925,32266049500400.0,23940761147317.0,12.23,1.43
000300.SH,20180926,32604419286795.0,24212232155959.0,12.36,1.44
000300.SH,20180927,32514461359654.0,24161828081167.0,12.33,1.44
000300.SH,20180928,32872817731582.0,24436894127493.0,12.46,1.46
