date,rft_store1,rft_country1,rft_bank7,rft_country10
2015-01-05,7.400000000000001e-05,8.780906937033706e-05,0.00012649479662774077,9.797454976712139e-05
2015-01-06,7.400000000000001e-05,8.800542475140283e-05,0.00011565969119375907,9.810673389853974e-05
2015-01-07,7.400000000000001e-05,8.653507200317989e-05,0.00010601825857547986,9.823626817784259e-05
2015-01-08,7.400000000000001e-05,8.619258447151168e-05,0.00010621858861581401,9.810937751630888e-05
2015-01-09,7.400000000000001e-05,8.615275756906904e-05,0.00011152991162921566,9.837108308485831e-05
2015-01-12,7.400000000000001e-05,8.617665377985695e-05,0.00010878205059161594,9.850589137716526e-05
2015-01-13,7.400000000000001e-05,8.659082174689026e-05,0.00010647688737219774,9.772338239555367e-05
2015-01-14,7.400000000000001e-05,8.646073725171455e-05,0.00010670617306551833,9.61603410198908e-05
2015-01-15,7.400000000000001e-05,8.656692913810993e-05,0.00010758624159934449,9.55068266601522e-05
2015-01-16,7.400000000000001e-05,8.639702014967554e-05,0.00010742816622566487,9.407490168622523e-05
2015-01-19,7.400000000000001e-05,8.616072299560962e-05,0.00010711462315882159,9.40828441784447e-05
2015-01-20,7.400000000000001e-05,8.608106768970279e-05,0.00010145151883467207,9.40828441784447e-05
2015-01-21,7.400000000000001e-05,8.587660849967982e-05,0.00012085842861075946,9.419403665966719e-05
2015-01-22,7.400000000000001e-05,8.557918615070825e-05,0.00011168512061421332,9.380219552390656e-05
2015-01-23,7.400000000000001e-05,8.56535447564255e-05,0.00011148255798976159,9.400077065113699e-05
2015-01-26,7.400000000000001e-05,8.539328083134734e-05,0.0001075493581588205,9.381013880438438e-05
2015-01-27,7.400000000000001e-05,8.420850287937931e-05,0.00010592072419002285,9.328053648727241e-05
2015-01-28,7.400000000000001e-05,8.384712362552449e-05,0.00011296854700826309,9.419403665966719e-05
2015-01-29,7.400000000000001e-05,8.415536185246708e-05,0.00011704890859287609,9.452758710581932e-05
2015-01-30,7.400000000000001e-05,8.510377464521214e-05,0.00011406739887309669,9.524484811129774e-05
2015-02-02,7.400000000000001e-05,8.349898542459044e-05,0.00012363353235644858,9.339440960043355e-05
2015-02-03,7.400000000000001e-05,8.349898542459044e-05,0.00011752932504771607,9.306337002623621e-05
2015-02-04,7.400000000000001e-05,8.338470143609554e-05,0.00012299699992013302,9.306337002623621e-05
2015-02-05,7.400000000000001e-05,8.295410045811026e-05,0.00012396090930755221,9.157452311003844e-05
2015-02-06,7.400000000000001e-05,8.312953863276462e-05,0.00012203537295230049,9.237467992218029e-05
2015-02-09,7.400000000000001e-05,8.328636024557133e-05,0.00012319085668988095,9.200377527451842e-05
2015-02-10,7.400000000000001e-05,8.310295781122079e-05,0.0001260735166013216,9.220248041996726e-05
2015-02-11,7.400000000000001e-05,8.319864756534123e-05,0.00012194364707696081,9.157452311003844e-05
2015-02-12,7.400000000000001e-05,8.333154447304203e-05,0.0001301710585572824,9.087750792291516e-05
2015-02-13,7.400000000000001e-05,8.336875445524859e-05,0.0001292537610189104,9.067870692613944e-05
2015-02-16,7.400000000000001e-05,8.320396356498172e-05,0.00013352664570964734,8.988335906212619e-05
2015-02-17,7.400000000000001e-05,8.31959895615242e-05,0.00012749671257128448,8.961819193520348e-05
2015-02-25,7.400000000000001e-05,8.225489462998503e-05,0.00013035134599270748,8.968713785018068e-05
2015-02-26,7.400000000000001e-05,8.236656681614997e-05,0.00013587703202988521,9.067870692613944e-05
2015-02-27,7.400000000000001e-05,8.257926318644415e-05,0.0001379778949612831,9.081124252219297e-05
2015-03-02,6.8e-05,8.31189063350557e-05,0.00013280625809053426,9.157452311003844e-05
2015-03-03,6.8e-05,8.32597809412583e-05,0.00013286629760678181,9.236143418989151e-05
2015-03-04,6.8e-05,8.337672795732942e-05,0.00013146677475761592,9.248594155342182e-05
2015-03-05,6.8e-05,8.384978099940099e-05,0.00013107760163499904,9.353740636020014e-05
2015-03-06,6.8e-05,8.412081963382613e-05,0.00013772254081700908,9.384720714389339e-05
2015-03-09,6.8e-05,8.415801892813768e-05,0.00013898865600725507,9.48240424005764e-05
2015-03-10,6.8e-05,8.463890732079982e-05,0.00013544414854371745,9.430787191910817e-05
2015-03-11,6.8e-05,8.477173458243392e-05,0.00013810035230465978,9.340500220833547e-05
2015-03-12,6.8e-05,8.462828086241991e-05,0.0001340250642654084,9.269785600629632e-05
2015-03-13,6.8e-05,8.496033826133065e-05,0.0001382644886942508,9.328053648727241e-05
2015-03-16,6.8e-05,8.496299455851285e-05,0.00013305162870702603,9.438464187305762e-05
2015-03-17,6.8e-05,8.526579562762039e-05,0.00012958569605592274,9.49669647751783e-05
2015-03-18,6.8e-05,8.509314998450535e-05,0.00013175143696630975,9.458052789734772e-05
2015-03-19,6.8e-05,8.560839870019875e-05,0.0001242332572062299,9.561531551249836e-05
2015-03-20,6.8e-05,8.527907561228787e-05,0.00012150069904026672,9.477904678112381e-05
2015-03-23,6.8e-05,8.547826768112721e-05,0.00011838756502169367,9.446140968183414e-05
2015-03-24,6.8e-05,8.558715324058497e-05,0.00011348911056852096,9.414108842031865e-05
2015-03-25,6.8e-05,8.574117910109536e-05,0.00011009052257859864,9.462817373773191e-05
2015-03-26,6.8e-05,8.571462353423874e-05,0.00010899797823449298,9.585873832307357e-05
2015-03-27,6.8e-05,8.634923135342198e-05,0.00011084057257337854,9.634022862026193e-05
2015-03-30,6.8e-05,8.604654967325764e-05,0.00010943241536387482,9.695651888930179e-05
2015-03-31,6.8e-05,8.672620927230312e-05,0.00010820264867295037,9.747219206124313e-05
2015-04-01,6.8e-05,8.721726489868686e-05,0.00010340208388504024,9.709404119884191e-05
2015-04-02,6.8e-05,8.599875478054743e-05,0.00010135118169984914,9.622383210605712e-05
2015-04-03,6.8e-05,8.5935026963746e-05,9.956298199820246e-05,9.61920867463828e-05
2015-04-07,6.8e-05,8.602530760137839e-05,9.454876354486608e-05,9.658358721664762e-05
2015-04-08,6.8e-05,8.604920492061296e-05,9.177060957954453e-05,9.72289121627945e-05
2015-04-09,6.8e-05,8.60518601655258e-05,9.241441673624173e-05,9.93225296175293e-05
2015-04-10,6.8e-05,8.509580615356782e-05,9.045868372070665e-05,9.945200659111642e-05
2015-04-13,6.8e-05,8.489392999200263e-05,9.485580357093681e-05,9.92643951140959e-05
2015-04-14,6.8e-05,8.480892506490534e-05,8.982767608833875e-05,9.740344123021494e-05
2015-04-15,6.8e-05,8.426164287844706e-05,8.666249832667283e-05,9.701999157996077e-05
2015-04-16,6.8e-05,8.345911945695228e-05,8.409424840083446e-05,9.747219206124313e-05
2015-04-17,6.8e-05,8.362123745198069e-05,8.340596393341393e-05,9.702528090471674e-05
2015-04-20,6.8e-05,8.257394597777079e-05,8.706332176822151e-05,9.465464329183604e-05
2015-04-21,6.8e-05,7.95387996963548e-05,7.757387668250182e-05,9.281705070351975e-05
2015-04-22,6.8e-05,8.133741557170282e-05,7.8774829943562e-05,9.337322426228312e-05
2015-04-23,6.8e-05,8.164327596782428e-05,7.374649839375635e-05,9.40828441784447e-05
2015-04-24,6.8e-05,8.023603612872242e-05,7.418921170576631e-05,9.498284458020478e-05
2015-04-27,6.8e-05,7.953613814959404e-05,7.061079367387535e-05,9.377042217151299e-05
2015-04-28,6.8e-05,7.78961351857177e-05,7.04559172242103e-05,9.383661624084993e-05
2015-04-29,6.8e-05,7.737411069941302e-05,7.19028706479552e-05,9.383926397044107e-05
2015-04-30,6.8e-05,7.644167734599527e-05,6.885056261851652e-05,9.313487795159503e-05
2015-05-04,6.8e-05,7.320234335117526e-05,7.488247476206134e-05,9.094377172513823e-05
2015-05-05,6.8e-05,7.410654174511144e-05,7.195358028511123e-05,9.154272398537167e-05
2015-05-06,6.8e-05,7.408520715790345e-05,6.723892247162411e-05,9.24409076263899e-05
2015-05-07,6.8e-05,7.347443434424504e-05,6.752497073714281e-05,9.220777902707589e-05
2015-05-08,6.8e-05,7.292222153232329e-05,7.007402936509699e-05,9.115315483732012e-05
2015-05-11,6.100000000000001e-05,7.252466630580655e-05,6.669347689247651e-05,9.142612404611228e-05
2015-05-12,6.100000000000001e-05,6.963332355836016e-05,6.424298366347614e-05,9.090136307587926e-05
2015-05-13,6.100000000000001e-05,6.896010914014816e-05,6.219744945679118e-05,9.156392344267239e-05
2015-05-14,6.100000000000001e-05,6.569053700578031e-05,6.214923787450921e-05,9.077413319968919e-05
2015-05-15,6.100000000000001e-05,6.335962823711405e-05,6.398871348523016e-05,9.057797559730574e-05
2015-05-18,6.100000000000001e-05,6.364608065845269e-05,5.8691869684990294e-05,9.144467436739134e-05
2015-05-19,6.100000000000001e-05,6.423763084950629e-05,5.761356749856006e-05,9.249918668552404e-05
2015-05-20,6.100000000000001e-05,6.42536892598855e-05,5.680590486534243e-05,9.250183570430615e-05
2015-05-21,6.100000000000001e-05,6.475948114958996e-05,5.84236748517597e-05,9.257070929602484e-05
2015-05-22,6.100000000000001e-05,6.428312943529413e-05,5.841831068797987e-05,9.26395811611247e-05
2015-05-25,6.100000000000001e-05,6.391376620551448e-05,5.900026138094816e-05,9.304218213523896e-05
2015-05-26,6.100000000000001e-05,6.0335332126904007e-05,6.052294067959707e-05,9.356918240732703e-05
2015-05-27,6.100000000000001e-05,5.316713831926556e-05,6.301959454080297e-05,9.478963405196161e-05
2015-05-28,6.100000000000001e-05,5.423912821966858e-05,6.314811616059401e-05,9.489285780528434e-05
2015-05-29,6.100000000000001e-05,5.481927911965556e-05,5.7009855379375196e-05,9.621060491760147e-05
2015-06-01,6.100000000000001e-05,5.379050163800692e-05,6.109908686102727e-05,9.805386100913971e-05
2015-06-02,6.100000000000001e-05,5.369109541542017e-05,6.149294053181542e-05,9.687453116047351e-05
2015-06-03,6.100000000000001e-05,5.336061103733414e-05,6.454807681799402e-05,9.727122325786652e-05
2015-06-04,6.100000000000001e-05,5.31160807466513e-05,6.292587706946406e-05,9.648571732889799e-05
2015-06-05,6.100000000000001e-05,5.149518151426058e-05,6.26313156315561e-05,9.66179731063388e-05
2015-06-08,6.100000000000001e-05,5.0935843462607266e-05,6.200191946414968e-05,9.596721328075652e-05
2015-06-09,6.100000000000001e-05,4.842010393368845e-05,6.033801233917835e-05,9.603600005947399e-05
2015-06-10,6.100000000000001e-05,4.644356584360132e-05,5.8941267386369844e-05,9.675815727994141e-05
2015-06-11,6.100000000000001e-05,4.755857278038178e-05,6.407704158295502e-05,9.715486617878355e-05
2015-06-12,6.100000000000001e-05,4.77551333615267e-05,6.800610624657644e-05,9.748276895948926e-05
2015-06-15,6.100000000000001e-05,4.717887485328198e-05,6.192959662643105e-05,9.80776539352135e-05
2015-06-16,6.100000000000001e-05,4.7359305234140336e-05,6.777891386677837e-05,9.757002681665128e-05
2015-06-17,6.100000000000001e-05,4.731352551323731e-05,7.612724275873894e-05,9.741401839313824e-05
2015-06-18,6.100000000000001e-05,4.705229721535531e-05,7.581810249135401e-05,9.638255340282953e-05
2015-06-19,6.100000000000001e-05,4.784667732549153e-05,8.540124846034836e-05,9.666029361055095e-05
2015-06-23,6.100000000000001e-05,4.831511927982923e-05,9.031287550409495e-05,9.715222164241588e-05
2015-06-24,6.100000000000001e-05,4.824243524614858e-05,7.88786571215283e-05,9.744046112225568e-05
2015-06-25,6.100000000000001e-05,4.8597761132418433e-05,8.461234109780058e-05,9.67237731448467e-05
2015-06-26,6.100000000000001e-05,4.778744334421603e-05,8.354150848588482e-05,9.705172737528578e-05
2015-06-29,5.400000000000001e-05,4.769589740649671e-05,8.049678902599666e-05,9.731882246089008e-05
2015-06-30,5.400000000000001e-05,4.7887063398643896e-05,7.234588111026952e-05,9.679783074756365e-05
2015-07-01,5.400000000000001e-05,4.980875412252672e-05,7.763513534086997e-05,9.683485880040976e-05
2015-07-02,5.400000000000001e-05,5.010200324728764e-05,8.05446797254028e-05,9.74642593609687e-05
2015-07-03,5.400000000000001e-05,5.1129473367383944e-05,8.006041308838974e-05,9.610743066068572e-05
2015-07-06,5.400000000000001e-05,5.09519798090885e-05,7.569283748054545e-05,9.524749448419634e-05
2015-07-07,5.400000000000001e-05,5.198450891419349e-05,7.309029805080414e-05,9.266606988034276e-05
2015-07-08,5.400000000000001e-05,5.5138846961622086e-05,7.304494508253434e-05,9.094377172513823e-05
2015-07-09,5.400000000000001e-05,6.110712525542182e-05,8.82972784408409e-05,9.259984760334738e-05
2015-07-10,5.400000000000001e-05,6.295265381606185e-05,7.19615869844148e-05,9.399018033984241e-05
2015-07-13,5.400000000000001e-05,6.506184135202099e-05,7.159859316940853e-05,9.372540929342144e-05
2015-07-14,5.400000000000001e-05,6.44999064669527e-05,7.309296584923075e-05,9.531365297732464e-05
2015-07-15,5.400000000000001e-05,6.703305622557386e-05,7.408787399021399e-05,9.597515030468351e-05
2015-07-16,5.400000000000001e-05,6.578148531621864e-05,6.879979567608885e-05,9.511517271865166e-05
2015-07-17,5.400000000000001e-05,6.566646194894332e-05,6.852991355033033e-05,9.458582192034548e-05
2015-07-20,5.400000000000001e-05,6.395391678815088e-05,6.63645529572765e-05,9.465199634783872e-05
2015-07-21,5.400000000000001e-05,6.589917866084427e-05,6.914445806005531e-05,9.478434042153872e-05
2015-07-22,5.400000000000001e-05,6.597942123254262e-05,7.129428198848764e-05,9.471816918171783e-05
2015-07-23,5.400000000000001e-05,6.428848216044614e-05,7.163329318071732e-05,9.412255629559496e-05
2015-07-24,5.400000000000001e-05,6.386290795834526e-05,7.551425833529635e-05,9.332820487628624e-05
2015-07-27,5.400000000000001e-05,6.540697294710185e-05,6.963332355836016e-05,9.384191169736766e-05
2015-07-28,5.400000000000001e-05,6.287232279333921e-05,7.202563973818243e-05,9.306337002623621e-05
2015-07-29,5.400000000000001e-05,6.215727319691666e-05,7.038915744117524e-05,9.286472713454508e-05
2015-07-30,5.400000000000001e-05,6.176083593412152e-05,6.870894722732501e-05,9.259984760334738e-05
2015-07-31,5.400000000000001e-05,6.570658692628406e-05,7.108604965311294e-05,9.346061272919037e-05
2015-08-03,5.400000000000001e-05,6.220012785318474e-05,6.860740717096192e-05,9.399018033984241e-05
2015-08-04,5.400000000000001e-05,6.305975819276277e-05,7.275146660368215e-05,9.372540929342144e-05
2015-08-05,5.400000000000001e-05,6.135094537662589e-05,6.707316124954232e-05,9.399018033984241e-05
2015-08-06,5.400000000000001e-05,6.133219075077356e-05,6.748487230789912e-05,9.399018033984241e-05
2015-08-07,5.400000000000001e-05,6.028708785676962e-05,6.775753008714247e-05,9.319579064226424e-05
2015-08-10,5.400000000000001e-05,6.0378215211320814e-05,6.624955399847643e-05,9.365921254489429e-05
2015-08-11,5.400000000000001e-05,6.126252959148815e-05,6.843103920561866e-05,9.5181334397898e-05
2015-08-12,5.400000000000001e-05,6.389502906611888e-05,6.877040385977473e-05,9.57105704850747e-05
2015-08-13,5.400000000000001e-05,6.258846770057502e-05,6.97561941023217e-05,9.508341454655955e-05
2015-08-14,5.400000000000001e-05,6.310259877451152e-05,6.834552338919053e-05,9.458582192034548e-05
2015-08-17,5.400000000000001e-05,6.281876747316062e-05,6.866886607448386e-05,9.524749448419634e-05
2015-08-18,5.400000000000001e-05,6.305440307308174e-05,7.05520484620692e-05,9.5181334397898e-05
2015-08-19,5.400000000000001e-05,6.235011388655565e-05,7.058943192395084e-05,9.504900944601324e-05
2015-08-20,5.400000000000001e-05,6.176619357578517e-05,7.34584297377161e-05,9.49166781207822e-05
2015-08-21,5.400000000000001e-05,6.214388097980361e-05,7.34050803754549e-05,9.458582192034548e-05
2015-08-24,5.400000000000001e-05,6.299281844657223e-05,7.163863160508654e-05,9.418874188171777e-05
2015-08-25,5.400000000000001e-05,6.271433159632522e-05,7.462118845857901e-05,9.359301420142074e-05
2015-08-26,4.8e-05,6.237421802102183e-05,7.061880428715916e-05,9.266606988034276e-05
2015-08-27,4.8e-05,6.273575466408943e-05,6.804085166001173e-05,9.213624696813305e-05
2015-08-28,4.8e-05,6.286161181279226e-05,6.760783896986311e-05,9.101003392952833e-05
2015-08-31,4.8e-05,6.242778200715726e-05,6.807826930632643e-05,9.00159330292638e-05
2015-09-01,4.8e-05,6.135898303427645e-05,6.663999600653447e-05,8.942725575611377e-05
2015-09-02,4.8e-05,6.135094537662589e-05,6.664801820588373e-05,8.935299921408735e-05
2015-09-07,4.8e-05,6.151973124746135e-05,6.642338777251844e-05,8.971895845810707e-05
2015-09-08,4.8e-05,6.192156063811183e-05,7.041853194555969e-05,9.074497552341576e-05
2015-09-09,4.8e-05,6.191620329931702e-05,6.669347689247651e-05,9.008221761397373e-05
2015-09-10,4.8e-05,6.163760729349654e-05,6.81370674351367e-05,9.047989154398195e-05
2015-09-11,4.8e-05,6.176887239273121e-05,7.013278479850449e-05,9.021478198611987e-05
2015-09-14,4.8e-05,6.209031145831823e-05,6.680043554108117e-05,9.008221761397373e-05
2015-09-15,4.8e-05,6.284554526381214e-05,6.707316124954232e-05,8.95518961545605e-05
2015-09-16,4.8e-05,6.270897580340495e-05,6.728971826364116e-05,8.941929979400243e-05
2015-09-17,4.8e-05,6.258043363893684e-05,6.78109892240375e-05,8.961819193520348e-05
2015-09-18,4.8e-05,6.243313834852769e-05,6.71426752376636e-05,8.961819193520348e-05
2015-09-21,4.8e-05,6.271968737903144e-05,6.773614614119516e-05,8.908778089344871e-05
2015-09-22,4.8e-05,6.273843253579159e-05,6.785108289397712e-05,8.935299921408735e-05
2015-09-23,4.8e-05,6.247598870201543e-05,6.796066927350353e-05,8.935299921408735e-05
2015-09-24,4.8e-05,6.281073408520578e-05,7.801064770007748e-05,8.948559877430817e-05
2015-09-25,4.8e-05,6.279734505287848e-05,7.366914959106019e-05,8.961819193520348e-05
2015-09-28,4.8e-05,6.327127707139724e-05,7.613523730420901e-05,8.895516213192067e-05
2015-09-29,4.8e-05,6.296336444155949e-05,7.373316254866147e-05,8.802665151974587e-05
2015-09-30,4.8e-05,6.333017816428921e-05,6.780297041975025e-05,8.776130512866409e-05
2015-10-08,4.8e-05,6.42028373050163e-05,6.732179933255367e-05,8.73632374860378e-05
2015-10-09,4.8e-05,6.375851176487758e-05,6.700364550238369e-05,8.54729560799683e-05
2015-10-12,4.8e-05,6.506184135202099e-05,6.625757733780269e-05,8.517283393705277e-05
2015-10-13,4.8e-05,6.447849715107701e-05,6.784841000073705e-05,8.484080222070922e-05
2015-10-14,4.8e-05,6.457483775923478e-05,6.878376381513895e-05,8.132145670325386e-05
2015-10-15,4.8e-05,6.455075292399748e-05,6.963599471543347e-05,8.304713724882617e-05
2015-10-16,4.8e-05,6.449455415369343e-05,7.074964099973435e-05,8.424304399579086e-05
2015-10-19,4.8e-05,6.697958194945564e-05,7.045057650123532e-05,8.430946799897754e-05
2015-10-20,4.8e-05,6.709722398290374e-05,6.745279314301911e-05,8.299397375410855e-05
2015-10-21,4.8e-05,6.68966947647842e-05,6.67469567372514e-05,8.238251961523169e-05
2015-10-22,4.8e-05,6.661058107559903e-05,6.5669136965818e-05,8.211662753909721e-05
2015-10-23,4.8e-05,6.697690820844926e-05,6.767199330459661e-05,8.205015049922437e-05
2015-10-26,4.1e-05,6.558888533114704e-05,6.583230806067597e-05,8.165125447900934e-05
2015-10-27,4.1e-05,6.469525876906523e-05,6.468990683639042e-05,8.072027181427188e-05
2015-10-28,4.1e-05,6.554608350084479e-05,6.588847947419652e-05,8.005509100272867e-05
2015-10-29,4.1e-05,6.496016641333036e-05,6.67736962691734e-05,8.191719159400535e-05
2015-10-30,4.1e-05,6.407436501554287e-05,6.698225568801952e-05,8.264838596150348e-05
2015-11-02,4.1e-05,6.48584877116498e-05,6.372638906126937e-05,8.255001841184217e-05
2015-11-03,4.1e-05,6.504846328558855e-05,6.863412860225182e-05,8.271484852850897e-05
2015-11-04,4.1e-05,6.660255876722587e-05,6.885056261851652e-05,8.38444662492055e-05
2015-11-05,4.1e-05,6.717208447248879e-05,6.64421076768118e-05,8.457514795412457e-05
2015-11-06,4.1e-05,6.672823890996327e-05,6.517153903962125e-05,8.371159414988227e-05
2015-11-09,4.1e-05,6.733783972645567e-05,6.527320615634657e-05,8.592971624565848e-05
2015-11-10,4.1e-05,6.886392218419246e-05,6.608908229055466e-05,8.669966322449874e-05
2015-11-11,4.1e-05,6.903491888876624e-05,6.87597158484099e-05,8.484080222070922e-05
2015-11-12,4.1e-05,6.932345169707865e-05,6.609175689575864e-05,8.450873037380013e-05
2015-11-13,4.1e-05,6.952380387659217e-05,6.705711931020986e-05,8.441574306394806e-05
2015-11-16,4.1e-05,6.971612822437301e-05,6.543907600775611e-05,8.457514795412457e-05
2015-11-17,4.1e-05,6.972948358185961e-05,6.554073322506682e-05,8.441574306394806e-05
2015-11-18,4.1e-05,6.986837545253088e-05,6.752229752682304e-05,8.457514795412457e-05
2015-11-19,4.1e-05,7.059477237714162e-05,6.54337255237003e-05,8.497361972237272e-05
2015-11-20,4.1e-05,7.041319114997613e-05,6.581358400103987e-05,8.444231118787116e-05
2015-11-23,4.1e-05,7.043722464850077e-05,6.415733738962537e-05,8.430946799897754e-05
2015-11-24,4.1e-05,6.976954926507517e-05,6.478356415517972e-05,8.411019117149365e-05
2015-11-25,4.1e-05,6.991110999998719e-05,6.329805045202086e-05,8.32464911926234e-05
2015-11-26,4.1e-05,6.992446440978739e-05,6.565308682637827e-05,8.264838596150348e-05
2015-11-27,4.1e-05,6.993781875475058e-05,6.802748809153769e-05,8.264838596150348e-05
2015-11-30,4.1e-05,6.948907721215924e-05,6.554608350084479e-05,8.178422625393367e-05
2015-12-01,4.1e-05,6.98950846225177e-05,6.840698815135937e-05,8.249950397720696e-05
2015-12-02,4.1e-05,6.975085201910146e-05,6.75570490591415e-05,8.206610513550316e-05
2015-12-03,4.1e-05,6.959325588851151e-05,6.803817895151276e-05,8.199696770927467e-05
2015-12-04,4.1e-05,6.876505985919934e-05,6.5904528238514e-05,8.16087021515699e-05
2015-12-07,4.1e-05,6.789117597882921e-05,6.54872298953002e-05,8.190123609286282e-05
2015-12-08,4.1e-05,6.766932023705152e-05,6.68191528765405e-05,8.184273179634438e-05
2015-12-09,4.1e-05,6.676032653585295e-05,7.088848130898384e-05,8.118846252869183e-05
2015-12-10,4.1e-05,6.752764394502009e-05,6.903224714704947e-05,8.076549826219193e-05
2015-12-11,4.1e-05,6.69180852452822e-05,7.003930965465699e-05,8.059256958992123e-05
2015-12-14,4.1e-05,6.660255876722587e-05,6.82332798407348e-05,8.1473062210069e-05
2015-12-15,4.1e-05,6.67309128932203e-05,6.714000165519707e-05,8.170710340826837e-05
2015-12-16,4.1e-05,6.475948114958996e-05,6.806223323452265e-05,8.157146832465934e-05
2015-12-17,4.1e-05,6.457483775923478e-05,6.974283887450916e-05,8.08479681035923e-05
2015-12-18,4.1e-05,6.440356323111907e-05,6.987905915156745e-05,7.983687661772265e-05
2015-12-21,4.1e-05,6.424833646700989e-05,6.909369654817255e-05,7.826894910212268e-05
2015-12-22,4.1e-05,6.290445548429169e-05,7.503710189049606e-05,7.727022664760774e-05
2015-12-23,4.1e-05,6.315882602403454e-05,6.949976238646016e-05,7.737144705477483e-05
2015-12-24,4.1e-05,6.30463703741313e-05,6.711059207709091e-05,7.604196615917935e-05
2015-12-25,4.1e-05,6.292319938050461e-05,6.9382223183867e-05,7.640970259092938e-05
2015-12-28,4.1e-05,6.292052168888063e-05,6.72629837532579e-05,7.597267697301291e-05
2015-12-29,4.1e-05,6.312937379870931e-05,6.824129738913776e-05,7.603397134214873e-05
2015-12-30,4.1e-05,6.221887655533109e-05,6.887193789251178e-05,7.66175318474005e-05
2015-12-31,4.1e-05,6.403689279954604e-05,6.6201413470246e-05,7.663618242226278e-05
2016-01-04,4.1e-05,6.489327295411408e-05,6.950510495795648e-05,7.7523270674007e-05
2016-01-05,4.1e-05,6.53106615142729e-05,6.945435010874412e-05,7.843137362950614e-05
2016-01-06,4.1e-05,6.505916574384152e-05,6.905896444675541e-05,7.862041303718925e-05
2016-01-07,4.1e-05,6.554340836428807e-05,6.68191528765405e-05,7.77683016248698e-05
2016-01-08,4.1e-05,6.486919091019949e-05,6.901354488264566e-05,7.7283545335316e-05
2016-01-11,4.1e-05,6.495749070611899e-05,6.800610624657644e-05,7.687330012196014e-05
2016-01-12,4.1e-05,6.414127841591899e-05,6.921659122705037e-05,7.61432318263644e-05
2016-01-13,4.1e-05,6.325253554995136e-05,6.78243538456691e-05,7.530634560271032e-05
2016-01-14,4.1e-05,6.286964505219926e-05,6.731110568436449e-05,7.482382081613892e-05
2016-01-15,4.1e-05,6.359789449028598e-05,6.686193487848158e-05,7.533033633633224e-05
2016-01-18,4.1e-05,6.382810966809593e-05,6.587778024580437e-05,7.585274925214769e-05
2016-01-19,4.1e-05,6.424030725771246e-05,7.243927781308557e-05,7.616988006597936e-05
2016-01-20,4.1e-05,6.451328720480376e-05,7.205499675144722e-05,7.723559775763e-05
2016-01-21,4.1e-05,6.498157197620813e-05,7.521038057300977e-05,7.662019622300953e-05
2016-01-22,4.1e-05,6.500832869527073e-05,7.098459741317065e-05,7.577279452974928e-05
2016-01-25,4.1e-05,6.495213928414678e-05,6.92219343492173e-05,7.800265860957722e-05
2016-01-26,4.1e-05,6.561563613649568e-05,6.750625820961531e-05,7.81331441759292e-05
2016-01-27,4.1e-05,6.707850854170695e-05,6.748219905827746e-05,7.87508692683403e-05
2016-01-28,4.1e-05,6.618001740910097e-05,6.877040385977473e-05,7.888131930533504e-05
2016-01-29,4.1e-05,6.580823424640059e-05,6.909369654817255e-05,7.791477708307681e-05
2016-02-01,4.1e-05,6.30651133020077e-05,7.414921042236955e-05,7.632709941796101e-05
2016-02-02,4.1e-05,6.327127707139724e-05,7.554091267603091e-05,7.75925207665562e-05
2016-02-03,4.1e-05,6.337569178005431e-05,7.1753405220365e-05,7.845799968531075e-05
2016-02-04,4.1e-05,6.399139013590904e-05,7.364781160723588e-05,7.7725689116237e-05
2016-02-05,4.1e-05,6.348545681067463e-05,6.694749688440638e-05,7.705978281280501e-05
2016-02-15,4.1e-05,6.312401881469754e-05,6.643675914563829e-05,7.672676912773291e-05
2016-02-16,4.1e-05,6.326859971905739e-05,6.562901144135935e-05,7.699318330489646e-05
2016-02-17,4.1e-05,6.29740750253127e-05,6.567716200023277e-05,7.752593417120757e-05
2016-02-18,4.1e-05,6.21492378745092e-05,6.750091174967388e-05,7.722760641315496e-05
2016-02-19,4.1e-05,6.093563440701111e-05,6.545512739730697e-05,7.713437234535547e-05
2016-02-22,4.1e-05,6.179833920616495e-05,6.682450066319845e-05,7.76591057483067e-05
2016-02-23,4.1e-05,6.157063288769749e-05,6.605698682426997e-05,7.769372930099827e-05
2016-02-24,4.1e-05,6.176083593412152e-05,6.586440615197198e-05,7.799200645308701e-05
2016-02-25,4.1e-05,6.134826615222799e-05,6.64421076768118e-05,7.805858175391478e-05
2016-02-26,4.1e-05,6.159474386180364e-05,6.625757733780269e-05,7.825829797791783e-05
2016-02-29,4.1e-05,6.128932255422548e-05,6.99645272497218e-05,7.779227087056917e-05
2016-03-01,4.1e-05,5.944535705126874e-05,6.793928690851381e-05,7.799200645308701e-05
2016-03-02,4.1e-05,6.0091421854258094e-05,6.698492942391887e-05,7.792542953888315e-05
2016-03-03,4.1e-05,5.9407821646262356e-05,6.535346701230793e-05,7.819172751633019e-05
2016-03-04,4.1e-05,5.941586499069729e-05,6.531868759607207e-05,7.832486682657347e-05
2016-03-07,4.1e-05,5.9560641160194556e-05,6.82466424084538e-05,7.912356722861169e-05
2016-03-08,4.1e-05,5.942658941293644e-05,6.717743157214073e-05,7.938974910759455e-05
2016-03-09,4.1e-05,5.954187430923241e-05,6.597139708075517e-05,7.919011511603458e-05
2016-03-10,4.1e-05,5.9434632702304306e-05,6.504043641442081e-05,7.832486682657347e-05
2016-03-11,4.1e-05,5.892785948358181e-05,6.611850280524578e-05,7.752593417120757e-05
2016-03-14,4.1e-05,5.829761423559177e-05,6.705177197630086e-05,7.739275613904972e-05
2016-03-15,4.1e-05,5.764576175226743e-05,6.603558963824696e-05,7.785885101152523e-05
2016-03-16,4.1e-05,5.685957752099569e-05,6.571193687898713e-05,7.739275613904972e-05
2016-03-17,4.1e-05,5.620738371847622e-05,6.610512988314277e-05,7.685997944539835e-05
2016-03-18,4.1e-05,5.6223489133477855e-05,6.599546946572943e-05,7.739275613904972e-05
2016-03-21,4.1e-05,5.5208663559236364e-05,7.146512750288991e-05,7.705978281280501e-05
2016-03-22,4.1e-05,5.575102438948321e-05,6.86501613362811e-05,7.779227087056917e-05
2016-03-23,4.1e-05,5.5745655004990624e-05,6.578416022096079e-05,7.722760641315496e-05
2016-03-24,4.1e-05,5.577250182242644e-05,6.492538201774423e-05,7.732616470201847e-05
2016-03-25,4.1e-05,5.5912101043942286e-05,6.350687386635911e-05,7.75925207665562e-05
2016-03-28,4.1e-05,5.596310668232185e-05,6.730843226598893e-05,7.832486682657347e-05
2016-03-29,4.1e-05,5.5987266917467686e-05,6.651163763304879e-05,7.805858175391478e-05
2016-03-30,4.1e-05,5.653484193457459e-05,6.54471017142999e-05,7.745934596203874e-05
2016-03-31,4.1e-05,5.5906731974086916e-05,6.966003501363005e-05,7.732616470201847e-05
2016-04-01,4.1e-05,5.596042219879749e-05,6.610512988314277e-05,7.749397203227204e-05
2016-04-05,4.1e-05,5.5906731974086916e-05,6.711861290242815e-05,7.745934596203874e-05
2016-04-06,4.1e-05,5.6575100496614183e-05,6.573601153725406e-05,7.792542953888315e-05
2016-04-07,4.1e-05,5.5938946234901366e-05,6.460427449361816e-05,7.865768687809194e-05
2016-04-08,4.1e-05,5.61322238668005e-05,6.694214933711251e-05,7.85245636953924e-05
2016-04-11,4.1e-05,5.681127217815885e-05,6.791523154903167e-05,7.792542953888315e-05
2016-04-12,4.1e-05,5.70769410552785e-05,6.721218746696955e-05,7.845799968531075e-05
2016-04-13,4.1e-05,5.7406978726470825e-05,6.82332798407348e-05,7.899046661785647e-05
2016-04-14,4.1e-05,5.805084054122389e-05,6.794463251535987e-05,7.912356722861169e-05
2016-04-15,4.1e-05,5.810180648979646e-05,6.656779515945566e-05,7.938974910759455e-05
2016-04-18,4.1e-05,5.823592289000423e-05,6.851922460349158e-05,7.859112609320817e-05
2016-04-19,4.1e-05,5.826810985176679e-05,6.593127597076531e-05,7.885735955892592e-05
2016-04-20,4.1e-05,5.8353939906607983e-05,6.985234982570532e-05,7.885735955892592e-05
2016-04-21,4.1e-05,5.92898498923411e-05,6.837491975142385e-05,7.938974910759455e-05
2016-04-22,4.1e-05,5.770746635080926e-05,7.107537064632297e-05,7.965590520075949e-05
2016-04-25,4.1e-05,5.878573169182389e-05,7.148648244514888e-05,8.005509100272867e-05
2016-04-26,4.1e-05,6.120090478578533e-05,7.133432485928459e-05,7.978897357907577e-05
2016-04-27,4.1e-05,6.0855244386592844e-05,7.031171406057801e-05,7.965590520075949e-05
2016-04-28,4.1e-05,6.0860603794621326e-05,7.138504499093479e-05,7.892391389452413e-05
2016-04-29,4.1e-05,6.110980471496497e-05,6.778693274100966e-05,7.885735955892592e-05
2016-05-03,4.1e-05,6.258311166207342e-05,6.886659408955609e-05,7.805858175391478e-05
2016-05-04,4.1e-05,6.243313834852769e-05,6.890400049175405e-05,7.805858175391478e-05
2016-05-05,4.1e-05,6.235547037913847e-05,6.74233869129015e-05,7.779227087056917e-05
2016-05-06,4.1e-05,6.269290836180552e-05,6.458554206267841e-05,7.825829797791783e-05
2016-05-09,4.1e-05,6.407704158295502e-05,6.823060731941943e-05,7.805858175391478e-05
2016-05-10,4.1e-05,6.248937930042331e-05,6.661325517343109e-05,7.75925207665562e-05
2016-05-11,4.1e-05,6.25938237284185e-05,6.700364550238369e-05,7.752593417120757e-05
2016-05-12,4.1e-05,6.333017816428921e-05,6.668812885068931e-05,7.752593417120757e-05
2016-05-13,4.1e-05,6.323379390038575e-05,6.493876068347504e-05,7.76591057483067e-05
2016-05-16,4.1e-05,6.246795431152917e-05,6.698760315715369e-05,7.76591057483067e-05
2016-05-17,4.1e-05,6.244117284071038e-05,6.808628730703425e-05,7.805858175391478e-05
2016-05-18,4.1e-05,6.261256974382512e-05,6.564773675910018e-05,7.845799968531075e-05
2016-05-19,4.1e-05,6.266077319661001e-05,6.594464973908032e-05,7.845799968531075e-05
2016-05-20,4.1e-05,6.257507758489211e-05,6.424298366347614e-05,7.845799968531075e-05
2016-05-23,4.1e-05,6.260989174955435e-05,6.972414144668093e-05,7.845799968531075e-05
2016-05-24,4.1e-05,6.392447308489757e-05,6.870627516875061e-05,7.845799968531075e-05
2016-05-25,4.1e-05,6.271165370130838e-05,6.684054396077777e-05,7.859112609320817e-05
2016-05-26,4.1e-05,6.324985817918184e-05,6.69073900259054e-05,7.859112609320817e-05
2016-05-27,4.1e-05,6.379598777805917e-05,6.8986827141293e-05,7.899046661785647e-05
2016-05-30,4.1e-05,6.331411435511747e-05,6.803817895151276e-05,7.845799968531075e-05
2016-05-31,4.1e-05,6.336766002035255e-05,6.882918717820985e-05,7.845799968531075e-05
2016-06-01,4.1e-05,6.331411435511747e-05,6.48263778662006e-05,8.05207344800607e-05
2016-06-02,4.1e-05,6.39458867184306e-05,6.475145343420863e-05,8.1185802579542e-05
2016-06-03,4.1e-05,6.453469624978503e-05,6.89520936889565e-05,8.145178474894266e-05
2016-06-06,4.1e-05,6.461497868226473e-05,6.916048781646644e-05,8.105280183823282e-05
2016-06-07,4.1e-05,6.464173897180459e-05,6.874368375364703e-05,8.107408238955394e-05
2016-06-08,4.1e-05,6.496284211765513e-05,6.580823424640059e-05,8.1185802579542e-05
2016-06-13,4.1e-05,6.492003053315543e-05,6.708118218412551e-05,8.098629905317623e-05
2016-06-14,4.1e-05,6.477286062311904e-05,6.811034116882553e-05,7.992203551299149e-05
2016-06-15,4.1e-05,6.475412934192626e-05,6.524377658845282e-05,8.008968437467345e-05
2016-06-16,4.1e-05,6.448652566404256e-05,6.614257390125111e-05,7.962396783089964e-05
2016-06-17,4.1e-05,6.455878122579861e-05,6.76105120971382e-05,7.937644062616656e-05
2016-06-20,4.1e-05,6.463638693476881e-05,6.839629872623654e-05,7.945629054817438e-05
2016-06-21,4.1e-05,6.478088827610584e-05,6.562633638562687e-05,7.975703775597864e-05
2016-06-22,4.1e-05,6.479159177685823e-05,6.78056433571772e-05,7.889196801458276e-05
2016-06-23,4.1e-05,6.478891590555591e-05,6.544175124578722e-05,7.885735955892592e-05
2016-06-24,4.1e-05,6.462568282938896e-05,6.88612502761643e-05,7.83914340622971e-05
2016-06-27,4.1e-05,6.447314479607337e-05,6.764258942038026e-05,7.632709941796101e-05
2016-06-28,4.1e-05,6.442497313119411e-05,6.897613997192131e-05,7.642835457666308e-05
2016-06-29,4.1e-05,6.452131561629493e-05,6.738596034661093e-05,7.736079245068694e-05
2016-06-30,4.1e-05,6.460427449361816e-05,6.759981957271677e-05,7.679337509403084e-05
2016-07-01,4.1e-05,6.489594872371994e-05,6.52170221622228e-05,7.569550275299264e-05
2016-07-04,4.1e-05,6.245724175446554e-05,6.54123234831161e-05,7.632709941796101e-05
2016-07-05,4.1e-05,6.245991989772826e-05,6.589917866084427e-05,7.666282588103535e-05
2016-07-06,4.1e-05,6.428580579931341e-05,6.717208447248879e-05,7.652694154036688e-05
2016-07-07,4.1e-05,6.36380496892297e-05,6.514478390995393e-05,7.602864145139776e-05
2016-07-08,4.1e-05,6.349081109013888e-05,6.43955344756808e-05,7.58607445963122e-05
2016-07-11,4.1e-05,6.253758491436834e-05,6.591522736254518e-05,7.596201694304305e-05
2016-07-12,4.1e-05,6.305172550935545e-05,6.537219420810203e-05,7.659355235101195e-05
2016-07-13,4.1e-05,6.307582348918928e-05,6.54872298953002e-05,7.672676912773291e-05
2016-07-14,4.1e-05,6.316418094032272e-05,6.582160861379194e-05,7.652694154036688e-05
2016-07-15,4.1e-05,6.323379390038575e-05,6.473272200691049e-05,7.659355235101195e-05
2016-07-18,4.1e-05,6.302227213583755e-05,6.605698682426997e-05,7.632709941796101e-05
2016-07-19,4.1e-05,6.18813803434648e-05,6.718277866157862e-05,7.622850528310465e-05
2016-07-20,4.1e-05,6.136166224823825e-05,6.644478193829073e-05,7.5828763079544e-05
2016-07-21,4.1e-05,6.145811221069941e-05,6.548455470145598e-05,7.499444699998747e-05
2016-07-22,4.1e-05,6.134826615222799e-05,6.67736962691734e-05,7.542896270718025e-05
2016-07-25,4.1e-05,6.058726066293652e-05,6.859404635783939e-05,7.58607445963122e-05
2016-07-26,4.1e-05,6.161617566124988e-05,7.267142157751927e-05,7.56342008321198e-05
2016-07-27,4.1e-05,6.158134890243971e-05,7.028233841399611e-05,7.539431060199497e-05
2016-07-28,4.1e-05,6.159474386180364e-05,6.826000491111373e-05,7.532767070950186e-05
2016-07-29,4.1e-05,6.087668195542406e-05,6.776554902399035e-05,7.479449337344235e-05
2016-08-01,4.1e-05,5.9249631090940724e-05,6.502170695732445e-05,7.499444699998747e-05
2016-08-02,4.1e-05,5.917723576498446e-05,6.61719938432892e-05,7.526102920074607e-05
2016-08-03,4.1e-05,5.7181591438526524e-05,6.659453643509394e-05,7.476249944282642e-05
2016-08-04,4.1e-05,5.738283097267427e-05,6.687530411753073e-05,7.476249944282642e-05
2016-08-05,4.1e-05,5.743917540090848e-05,6.54471017142999e-05,7.446120498766362e-05
2016-08-08,4.1e-05,5.745259057077234e-05,6.520899578355e-05,7.459452519387177e-05
2016-08-09,4.1e-05,5.7967683542603517e-05,6.69742344645563e-05,7.379450690003786e-05
2016-08-10,4.1e-05,5.627448899137021e-05,6.614792300507766e-05,7.266074873113482e-05
2016-08-11,4.1e-05,5.616980404954397e-05,6.972681251560253e-05,7.299425558504602e-05
2016-08-12,4.1e-05,5.607585262867865e-05,6.768001249102262e-05,7.272745334074848e-05
2016-08-15,4.1e-05,5.580203301835951e-05,6.606768535455387e-05,7.132631633166575e-05
2016-08-16,4.1e-05,5.570538428711913e-05,6.71319808924764e-05,7.165998519886863e-05
2016-08-17,4.1e-05,5.468499582628184e-05,6.64955924145616e-05,7.286085770141781e-05
2016-08-18,4.1e-05,5.468768155658666e-05,6.702503515043645e-05,7.319434026697991e-05
2016-08-19,4.1e-05,5.457487862803312e-05,6.67843920092448e-05,7.351444545289354e-05
2016-08-22,4.1e-05,5.458562196358763e-05,6.549525546128976e-05,7.359446592247743e-05
2016-08-23,4.1e-05,5.453459074544753e-05,6.78751388152321e-05,7.346109717842886e-05
2016-08-24,4.1e-05,5.497503951801264e-05,6.969743061469025e-05,7.479449337344235e-05
2016-08-25,4.1e-05,5.491327352014075e-05,6.914445806005531e-05,7.43278783121859e-05
2016-08-26,4.1e-05,5.477093789019172e-05,6.808361464272217e-05,7.42612125479436e-05
2016-08-29,4.1e-05,5.477362353634163e-05,6.691541144432378e-05,7.419454516610635e-05
2016-08-30,4.1e-05,6.0008326596694424e-05,6.773614614119516e-05,7.492779740814193e-05
2016-08-31,4.1e-05,5.2059782317703807e-05,6.664801820588373e-05,7.546094887800336e-05
2016-09-01,4.1e-05,5.7919397678629636e-05,6.556213426534008e-05,7.406120554920292e-05
2016-09-02,4.1e-05,5.801060359811317e-05,6.78056433571772e-05,7.392785946080949e-05
2016-09-05,4.1e-05,5.811790080367806e-05,6.799541526159025e-05,7.43278783121859e-05
2016-09-06,4.1e-05,5.8273474308645497e-05,6.873032360332765e-05,7.419454516610635e-05
2016-09-07,4.1e-05,5.825201641806999e-05,6.827336734871459e-05,7.474916852845404e-05
2016-09-08,4.1e-05,5.857118524987826e-05,6.614257390125111e-05,7.516772837279362e-05
2016-09-09,4.1e-05,5.8906406703140846e-05,6.842836687659393e-05,7.489580502961779e-05
2016-09-12,4.1e-05,5.921745562598169e-05,6.880513960894064e-05,7.539431060199497e-05
2016-09-13,4.1e-05,5.947484879542664e-05,6.765328177826824e-05,7.476249944282642e-05
2016-09-14,4.1e-05,5.9370285728554954e-05,6.953181765978478e-05,7.439454245861121e-05
2016-09-19,4.1e-05,5.942927051205693e-05,6.79098858848981e-05,7.466118287080548e-05
2016-09-20,4.1e-05,5.9592812606368284e-05,7.199895127230072e-05,7.412787616645211e-05
2016-09-21,4.1e-05,5.971613299338152e-05,7.189219481573694e-05,7.462918738765367e-05
2016-09-22,4.1e-05,5.956332212853077e-05,6.659988465895772e-05,7.419454516610635e-05
2016-09-23,4.1e-05,5.954723627987769e-05,6.558086003871644e-05,7.369582183813783e-05
2016-09-26,4.1e-05,5.990110319564757e-05,6.882918717820985e-05,7.346109717842886e-05
2016-09-27,4.1e-05,5.9705409701127365e-05,7.025029189611232e-05,7.339441037879091e-05
2016-09-28,4.1e-05,5.981800218157751e-05,7.31810017415846e-05,7.379450690003786e-05
2016-09-29,4.1e-05,5.9705409701127365e-05,6.942763665374052e-05,7.392785946080949e-05
2016-09-30,4.1e-05,5.9504340222948926e-05,6.851655236017606e-05,7.352778235980573e-05
2016-10-10,4.1e-05,5.8667733221939855e-05,6.82145721369043e-05,7.259404250214985e-05
2016-10-11,4.1e-05,5.8667733221939855e-05,6.488256984948926e-05,7.21270535446461e-05
2016-10-12,4.1e-05,5.876159605344711e-05,6.652500857673438e-05,7.229517871354396e-05
2016-10-13,4.1e-05,5.8683824220917564e-05,6.527053075422451e-05,7.322902013018329e-05
2016-10-14,4.1e-05,5.8501454048620616e-05,6.571461185145289e-05,7.269543533028333e-05
2016-10-17,4.1e-05,5.8367350610488706e-05,6.838026451072565e-05,7.27941563307688e-05
2016-10-18,4.1e-05,5.827615653331009e-05,7.077100150398863e-05,7.276213909768181e-05
2016-10-19,4.1e-05,5.8056205422429834e-05,7.168133862678339e-05,7.266074873113482e-05
2016-10-20,4.1e-05,5.765917591338267e-05,6.948640591208921e-05,7.172671410993203e-05
2016-10-21,4.1e-05,5.805888785914705e-05,7.137703661119765e-05,7.165998519886863e-05
2016-10-24,4.1e-05,5.8083029671474044e-05,7.099260693665954e-05,7.11260955585935e-05
2016-10-25,4.1e-05,5.8061570293199694e-05,7.41145421725431e-05,7.252733465334948e-05
2016-10-26,4.1e-05,5.833248264419665e-05,7.330104613956223e-05,7.306095209802521e-05
2016-10-27,4.1e-05,5.8807185414622154e-05,7.846865003524606e-05,7.356245801437566e-05
2016-10-28,4.1e-05,5.92013677522818e-05,7.235388666626541e-05,7.282884124570899e-05
2016-10-31,4.1e-05,5.901098742588928e-05,7.59220414627837e-05,7.356245801437566e-05
2016-11-01,4.1e-05,5.8654323984219665e-05,7.376783561130473e-05,7.432521171257811e-05
2016-11-02,4.1e-05,5.879645857409521e-05,7.058943192395084e-05,7.409587447204657e-05
2016-11-03,4.1e-05,5.851486403241069e-05,7.11874981469407e-05,7.393052644588671e-05
2016-11-04,4.1e-05,5.872941487239381e-05,7.039449828361022e-05,7.399720023437695e-05
2016-11-07,4.1e-05,5.842099277120205e-05,7.00553341910215e-05,7.417054451264171e-05
2016-11-08,4.1e-05,5.858191296992388e-05,7.045858758192303e-05,7.50211063842432e-05
2016-11-09,4.1e-05,5.8426356929652805e-05,6.923529210922652e-05,7.482115469792383e-05
2016-11-10,4.1e-05,5.8933222652601806e-05,6.917384587512565e-05,7.51570652193223e-05
2016-11-11,4.1e-05,5.9265718682199875e-05,6.960928302657265e-05,7.634308732273887e-05
2016-11-14,4.1e-05,5.8866182288230824e-05,7.114211375758295e-05,7.714769169142599e-05
2016-11-15,4.1e-05,5.89090883098553e-05,7.021557441300175e-05,7.792542953888315e-05
2016-11-16,4.1e-05,5.9308618464593004e-05,7.38265121049686e-05,7.704113511342037e-05
2016-11-17,4.1e-05,6.0485419993927536e-05,7.508775371256604e-05,7.796803894999371e-05
2016-11-18,4.1e-05,6.056850082347687e-05,6.906697958619645e-05,7.837545807287682e-05
2016-11-21,4.1e-05,6.060334042357063e-05,7.355178862877843e-05,7.830889044990741e-05
2016-11-22,4.1e-05,6.061406021173888e-05,7.056272950323184e-05,7.778161789828708e-05
2016-11-23,4.1e-05,6.069981701073424e-05,7.082440203798335e-05,7.751528016619602e-05
2016-11-24,4.1e-05,6.071053642231483e-05,7.403987060983219e-05,7.769905596255455e-05
2016-11-25,4.1e-05,6.092759551079574e-05,7.027165628281651e-05,7.784287192480477e-05
2016-11-28,4.1e-05,6.1091048443096e-05,7.270877621334826e-05,7.745135526859848e-05
2016-11-29,4.1e-05,6.163224940092249e-05,7.699851132492164e-05,7.875885618324752e-05
2016-11-30,4.1e-05,6.32471808059698e-05,7.817042462798796e-05,7.982623157021251e-05
2016-12-01,4.1e-05,6.412254282817109e-05,7.946427541272172e-05,8.008968437467345e-05
2016-12-02,4.1e-05,6.67630004878017e-05,7.042654311950614e-05,8.115388298879367e-05
2016-12-05,4.1e-05,6.495213928414678e-05,7.251932960272711e-05,8.135337434733714e-05
2016-12-06,4.1e-05,6.756774175009639e-05,7.02850089402407e-05,8.380460529400224e-05
2016-12-07,4.1e-05,6.730041199487502e-05,7.239658257152115e-05,8.354416615530269e-05
2016-12-08,4.1e-05,6.74955652795184e-05,7.129161244301407e-05,8.26297761546968e-05
2016-12-09,4.1e-05,6.783237258756179e-05,7.063749562763455e-05,8.327041269384772e-05
2016-12-12,4.1e-05,6.991378088727629e-05,7.124356018128886e-05,8.396670290533592e-05
2016-12-13,4.1e-05,7.327970529669159e-05,7.242326717515901e-05,8.581287784958924e-05
2016-12-14,4.1e-05,7.329571094438769e-05,7.667881183226477e-05,8.582881065066772e-05
2016-12-15,4.1e-05,7.682001702824516e-05,7.13930533471352e-05,8.903738651810933e-05
2016-12-16,4.1e-05,7.893190030627828e-05,7.936313208012358e-05,8.881192667908877e-05
2016-12-19,4.1e-05,8.120442216963397e-05,7.563153550016466e-05,8.885436759187293e-05
2016-12-20,4.1e-05,8.442902715799504e-05,8.018281821109419e-05,9.05726738460455e-05
2016-12-21,4.1e-05,8.180284178904705e-05,7.738742888352412e-05,8.923630630719437e-05
2016-12-22,4.1e-05,7.773367901187099e-05,8.193846545112571e-05,8.740039290633383e-05
2016-12-23,4.1e-05,7.714769169142599e-05,7.427987912489442e-05,8.621648033591e-05
2016-12-26,4.1e-05,7.592737156025821e-05,7.822900717346926e-05,8.620320488139654e-05
2016-12-27,4.1e-05,7.486914442966786e-05,7.81224925252566e-05,8.502674492549822e-05
2016-12-28,4.1e-05,7.498644913450647e-05,7.719031316577585e-05,8.528704357235739e-05
2016-12-29,4.1e-05,7.3661147866666e-05,9.044542874803163e-05,8.391621451098175e-05
2016-12-30,4.1e-05,7.152385319497691e-05,7.247396720821975e-05,8.193846545112571e-05
2017-01-03,4.1e-05,7.265007584345007e-05,7.222846360788182e-05,8.447153582746836e-05
2017-01-04,4.1e-05,7.452519949402436e-05,7.137703661119765e-05,8.396936016352718e-05
2017-01-05,4.1e-05,7.523437214462803e-05,6.761318522174875e-05,8.66863901043402e-05
2017-01-06,4.1e-05,7.52503664094295e-05,7.186550505333678e-05,8.61686883992796e-05
2017-01-09,4.1e-05,7.6073945194155e-05,6.76238776939897e-05,8.649790487869069e-05
2017-01-10,4.1e-05,7.41545439604252e-05,7.073095042220423e-05,8.572259023131856e-05
2017-01-11,4.1e-05,7.388518734541272e-05,7.14571193567437e-05,8.677133696499695e-05
2017-01-12,4.1e-05,7.372249382586737e-05,6.905896444675541e-05,8.604920492061296e-05
2017-01-13,4.1e-05,7.314632127219944e-05,6.873032360332765e-05,8.669700860552965e-05
2017-01-16,4.1e-05,7.132898584338854e-05,7.086979167603147e-05,8.696245779904466e-05
2017-01-17,4.1e-05,7.207901589256771e-05,7.191888431878901e-05,8.798950456778698e-05
2017-01-18,4.1e-05,7.215907817959e-05,8.157944704434428e-05,8.826013514751097e-05
2017-01-19,4.1e-05,7.183881503181054e-05,9.258130507983076e-05,8.855461461032554e-05
2017-01-20,4.1e-05,7.204699032437034e-05,7.75339246479323e-05,8.749858695566992e-05
2017-01-23,4.1e-05,7.177742699826517e-05,7.830090222671338e-05,8.789928845009953e-05
2017-01-24,4.1e-05,7.116080153801717e-05,8.105546191616853e-05,8.828931920601413e-05
2017-01-25,4.1e-05,7.27941563307688e-05,7.347976919236388e-05,8.921243669290924e-05
2017-01-26,4.1e-05,7.26847625771576e-05,7.234854963145132e-05,8.972956524555542e-05
2017-02-03,4.1e-05,7.402653618870936e-05,8.108472260337507e-05,8.974812702500223e-05
2017-02-06,4.1e-05,7.563686616141041e-05,7.457052803405695e-05,9.237997819733224e-05
2017-02-07,4.1e-05,7.571149433349689e-05,7.379183978284409e-05,9.319314229250253e-05
2017-02-08,4.1e-05,7.635374587411371e-05,7.700117533104844e-05,9.296272608927403e-05
2017-02-09,4.1e-05,7.685198700846385e-05,7.796004973559256e-05,9.243560946869955e-05
2017-02-10,4.1e-05,7.679870350152385e-05,7.860710082852052e-05,9.152152436442407e-05
2017-02-13,4.1e-05,7.575680330607072e-05,7.67853824632514e-05,9.230845062169202e-05
2017-02-14,4.1e-05,7.57834552937986e-05,7.533033633633224e-05,9.165931897636703e-05
2017-02-15,4.1e-05,7.592470651274219e-05,8.567744530951771e-05,9.270315365816906e-05
2017-02-16,4.1e-05,7.477316412773938e-05,7.849527572956205e-05,9.140492352566199e-05
2017-02-17,4.1e-05,7.381584374477335e-05,8.254735978052707e-05,9.114255354414347e-05
2017-02-20,4.1e-05,7.417321126235166e-05,7.94057192003983e-05,8.92389584736808e-05
2017-02-21,4.1e-05,7.322902013018329e-05,8.319333155526465e-05,8.994434388154282e-05
2017-02-22,4.1e-05,7.408787399021399e-05,8.370893664255696e-05,9.016705954900672e-05
2017-02-23,4.1e-05,7.473850375028235e-05,8.293549272186951e-05,8.940338780072388e-05
2017-02-24,4.1e-05,7.429854557505777e-05,8.305511168438251e-05,8.981441807098811e-05
2017-02-27,4.1e-05,7.368782019123721e-05,7.827161187656806e-05,8.955985173275671e-05
2017-02-28,4.1e-05,7.354912127577329e-05,7.949621463887446e-05,8.942990773830317e-05
2017-03-01,4.1e-05,7.390118946637436e-05,8.165125447900934e-05,8.926017571408984e-05
2017-03-02,4.1e-05,7.501844045743056e-05,8.012161633130788e-05,8.979055347868581e-05
2017-03-03,4.1e-05,7.584741900967806e-05,7.937111721556533e-05,9.018826962337023e-05
2017-03-06,4.1e-05,7.568484164743872e-05,7.768307594657742e-05,9.052760854766362e-05
2017-03-07,4.1e-05,7.60686153808976e-05,8.266167860360163e-05,9.07953385882454e-05
2017-03-08,4.1e-05,7.61991928308614e-05,8.178156688165572e-05,9.096232530358961e-05
2017-03-09,4.1e-05,7.649763227202122e-05,7.74220558601435e-05,9.179180727869607e-05
2017-03-10,4.1e-05,7.645766458397318e-05,7.790678771391057e-05,9.192428919257978e-05
2017-03-13,4.1e-05,7.666016154672661e-05,7.955476892251845e-05,9.204351745339956e-05
2017-03-14,4.1e-05,7.658023031797967e-05,8.046220077972954e-05,9.087485733738632e-05
2017-03-15,4.1e-05,7.643901279719145e-05,7.76697591955422e-05,9.064159581351205e-05
2017-03-16,4.1e-05,7.649496777739628e-05,8.73897771231924e-05,8.823360391629897e-05
2017-03-17,4.1e-05,7.70331432033977e-05,8.596689105688782e-05,8.929200126717163e-05
2017-03-20,4.1e-05,7.718498551767539e-05,9.058062646905007e-05,8.929995759809906e-05
2017-03-21,4.1e-05,7.790412458574815e-05,0.00010030534502170063,9.009812567639663e-05
2017-03-22,4.1e-05,7.771237257170327e-05,9.519192011886446e-05,8.891272277633533e-05
2017-03-23,4.1e-05,7.87668430750621e-05,0.00010366592410293585,8.937156353772124e-05
2017-03-24,4.1e-05,7.760051104965804e-05,8.837952251772307e-05,8.826013514751097e-05
2017-03-27,4.1e-05,7.749397203227204e-05,8.738712317102326e-05,8.700227296598584e-05
2017-03-28,4.1e-05,7.726223540416301e-05,8.375411392091969e-05,8.733138958283426e-05
2017-03-29,4.1e-05,7.791211396246389e-05,8.725176821022806e-05,8.844584659284394e-05
2017-03-30,4.1e-05,7.74220558601435e-05,9.220248041996726e-05,8.878540077583708e-05
2017-03-31,4.1e-05,7.737943798091783e-05,9.209915553776149e-05,8.852543336956842e-05
2017-04-05,4.1e-05,7.726756290238335e-05,7.932320605541499e-05,8.853869760838684e-05
2017-04-06,4.1e-05,8.012959926251284e-05,8.189325830754157e-05,8.965796863580344e-05
2017-04-07,4.1e-05,7.981824775749047e-05,8.607310203201379e-05,8.900290562352531e-05
2017-04-10,4.1e-05,7.96958263908909e-05,7.754724205732977e-05,8.93344347647762e-05
2017-04-11,4.1e-05,7.974639239916037e-05,7.753658813491882e-05,8.993638941667825e-05
2017-04-12,4.1e-05,7.986082782385219e-05,7.819971605682596e-05,8.92336541380434e-05
2017-04-13,4.1e-05,7.983687661772264e-05,7.760850130944519e-05,8.936891149913251e-05
2017-04-14,4.1e-05,7.997791960345779e-05,8.096501782195453e-05,8.996025274221608e-05
2017-04-17,4.1e-05,8.172306003673135e-05,8.48487714519841e-05,9.157717302032964e-05
2017-04-18,4.1e-05,8.352024703750516e-05,8.958902198874519e-05,9.227401075428965e-05
2017-04-19,4.1e-05,8.3748798985539e-05,8.645808240204111e-05,9.198257921094743e-05
2017-04-20,4.1e-05,8.438120411868866e-05,9.130951915858887e-05,9.248064348255092e-05
2017-04-21,4.1e-05,8.412081963382613e-05,8.838482850270779e-05,9.24594510975929e-05
2017-04-24,4.1e-05,8.384446624920551e-05,8.804522480754251e-05,9.377571775570637e-05
2017-04-25,4.1e-05,8.414473352380547e-05,9.106834334748903e-05,9.378630889367301e-05
2017-04-26,4.1e-05,8.414473352380547e-05,9.031022437389069e-05,9.306072154879885e-05
2017-04-27,4.1e-05,8.423507300747701e-05,0.00010312766317932542,9.296537466130239e-05
2017-04-28,4.1e-05,8.64102946678269e-05,9.596456760108119e-05,9.32858330158215e-05
2017-05-02,4.1e-05,8.569869007102325e-05,9.334409415573397e-05,9.319843898936142e-05
2017-05-03,4.1e-05,8.604920492061296e-05,9.347914931945311e-05,9.463876158988249e-05
2017-05-04,4.1e-05,8.955719987580046e-05,9.139697328830465e-05,9.504371631541275e-05
2017-05-05,4.1e-05,8.897372914407066e-05,8.863685098425833e-05,9.55703328495705e-05
2017-05-08,4.1e-05,8.892598514531612e-05,8.333951808303652e-05,9.663913344004627e-05
2017-05-09,4.1e-05,8.940603980600592e-05,8.779580160878098e-05,9.714428801821384e-05
2017-05-10,4.1e-05,9.326729512126876e-05,8.475579565003777e-05,9.82019025357328e-05
2017-05-11,4.1e-05,9.332555665420016e-05,8.618992936271219e-05,9.957619305756005e-05
2017-05-12,4.1e-05,9.339970590938051e-05,8.670497245466535e-05,9.807236663617047e-05
2017-05-15,4.1e-05,9.413579354022872e-05,8.508518146221888e-05,9.755416195789124e-05
2017-05-16,4.1e-05,9.352946229101988e-05,8.681380941033545e-05,9.781592041435694e-05
2017-05-17,4.1e-05,9.471552229878276e-05,8.499221366031762e-05,9.756209439859553e-05
2017-05-18,4.1e-05,9.383396850859428e-05,8.73632374860378e-05,9.729766736121803e-05
2017-05-19,4.1e-05,9.451964589901608e-05,8.694387719021535e-05,9.769958640126752e-05
2017-05-22,4.1e-05,9.520250579897471e-05,8.543843042252419e-05,9.783442764410566e-05
2017-05-23,4.1e-05,9.49510848784474e-05,9.008486896400214e-05,9.835786622969245e-05
2017-05-24,4.1e-05,9.613124044860476e-05,8.554466182819631e-05,9.914547979805732e-05
2017-05-25,4.1e-05,9.613388596774186e-05,9.06283417232423e-05,9.810409027832812e-05
2017-05-26,4.1e-05,9.587725874093957e-05,8.55234158756435e-05,9.83790131674489e-05
2017-05-31,4.1e-05,9.42231577563124e-05,8.691467883692461e-05,9.83869432271689e-05
2017-06-01,4.1e-05,9.371217007148049e-05,8.588191932057399e-05,9.734526610616356e-05
2017-06-02,4.1e-05,9.380749104681564e-05,8.801073145892069e-05,9.73479104566799e-05
2017-06-05,4.1e-05,9.419668404486714e-05,8.694653157048648e-05,9.694858469999623e-05
2017-06-06,4.1e-05,9.47314035570912e-05,8.900025322922112e-05,9.734526610616356e-05
2017-06-07,4.1e-05,9.461229188278963e-05,9.24303113010172e-05,9.912169611725474e-05
2017-06-08,4.1e-05,9.829706787645164e-05,8.876417986880547e-05,9.800627453859789e-05
2017-06-09,4.1e-05,9.831557186545936e-05,9.048519347421013e-05,9.794282462904924e-05
2017-06-12,4.1e-05,9.752772032300959e-05,9.195608390122345e-05,9.709139660407651e-05
2017-06-13,4.1e-05,9.687717596418288e-05,8.94219517839634e-05,9.591165347155872e-05
2017-06-14,4.1e-05,9.742988406102882e-05,8.991252588375076e-05,9.607568395608723e-05
2017-06-15,4.1e-05,9.627674022372192e-05,8.676868241530578e-05,9.511517271865166e-05
2017-06-16,4.1e-05,9.687188635432165e-05,9.272964176454401e-05,9.604129127871452e-05
2017-06-19,4.1e-05,9.660739287853383e-05,8.790194190777534e-05,9.479757447827808e-05
2017-06-20,4.1e-05,9.387897960810855e-05,8.962879911167398e-05,9.393987580441632e-05
2017-06-21,4.1e-05,9.398488516909607e-05,8.684831778871249e-05,9.45328812309576e-05
2017-06-22,4.1e-05,9.4000770651137e-05,9.096497580451945e-05,9.539039483352774e-05
2017-06-23,4.1e-05,9.399812307719912e-05,9.810937751630888e-05,9.552270334522994e-05
2017-06-26,4.1e-05,9.340235406019026e-05,8.957576281987123e-05,9.526337266785312e-05
2017-06-27,4.1e-05,9.199847627394676e-05,8.989926827585037e-05,9.460964489793611e-05
2017-06-28,4.1e-05,9.228195845434327e-05,8.638109064329491e-05,9.480816167783956e-05
2017-06-29,4.1e-05,9.230845062169202e-05,8.587660849967982e-05,9.553064165324088e-05
2017-06-30,4.1e-05,9.282499683282984e-05,9.659152246022096e-05,9.599102428370365e-05
2017-07-03,4.1e-05,9.305012761351428e-05,8.628285664635804e-05,9.61920867463828e-05
2017-07-04,4.1e-05,9.300510293308584e-05,8.711906079450493e-05,9.711255329181157e-05
2017-07-05,4.1e-05,9.323551558249044e-05,8.63757807874066e-05,9.704908273966417e-05
2017-07-06,4.1e-05,9.30898546600556e-05,8.397467467213815e-05,9.60651016397307e-05
2017-07-07,4.1e-05,9.3169307029628e-05,8.147572188099694e-05,9.620002312082931e-05
2017-07-10,4.1e-05,9.310839375165081e-05,8.45804612912282e-05,9.646455581369118e-05
2017-07-11,4.1e-05,9.31057453177342e-05,8.701554456025384e-05,9.643545846427237e-05
2017-07-12,4.1e-05,9.29653746613024e-05,8.687220795078332e-05,9.620531402432242e-05
2017-07-13,4.1e-05,9.285942979420092e-05,8.435463540390487e-05,9.584815517094114e-05
2017-07-14,4.1e-05,9.28355916360868e-05,8.460702782242535e-05,9.611272174248064e-05
2017-07-17,4.1e-05,9.2242219724481e-05,8.342988404619334e-05,9.568940299864437e-05
2017-07-18,4.1e-05,9.266606988034276e-05,9.446935105672516e-05,9.654126553093612e-05
2017-07-19,4.1e-05,9.226341378520965e-05,9.254421965732007e-05,9.664177847024114e-05
2017-07-20,4.1e-05,9.199317726316103e-05,8.884375742512773e-05,9.62185412383132e-05
2017-07-21,4.1e-05,9.142082393132078e-05,8.989926827585037e-05,9.625293169701621e-05
2017-07-24,4.1e-05,9.124061394416572e-05,8.679788232024421e-05,9.636139109292507e-05
2017-07-25,4.1e-05,9.098087875658578e-05,9.20938567212648e-05,9.655713623946127e-05
2017-07-26,4.1e-05,9.132807026701606e-05,8.820707242906956e-05,9.699618949277067e-05
2017-07-27,4.1e-05,9.12194119919718e-05,9.294948319160667e-05,9.73267555812729e-05
2017-07-28,4.1e-05,9.114255354414348e-05,9.216803922429406e-05,9.696709777307078e-05
2017-07-31,4.1e-05,9.117700759708748e-05,9.427610441425927e-05,9.743781686077924e-05
2017-08-01,4.1e-05,9.18606986710646e-05,9.679783074756365e-05,9.773395832679554e-05
2017-08-02,4.1e-05,9.154007404177378e-05,8.962349552854576e-05,9.770223041072335e-05
2017-08-03,4.1e-05,9.14632245636593e-05,8.5873953085569e-05,9.776832982244521e-05
2017-08-04,4.1e-05,9.12591655179984e-05,8.631206171516581e-05,9.747748051558425e-05
2017-08-07,4.1e-05,9.03446888658177e-05,8.760208499225541e-05,9.817546713386527e-05
2017-08-08,4.1e-05,9.090401363565091e-05,9.090136307587926e-05,9.873848621189119e-05
2017-08-09,4.1e-05,9.078208523960464e-05,8.758616247117601e-05,9.877020216375598e-05
2017-08-10,4.1e-05,9.071581753761215e-05,8.643949838194054e-05,9.85138210707337e-05
2017-08-11,4.1e-05,9.04003613626525e-05,9.098883019809101e-05,9.785293474906531e-05
2017-08-14,4.1e-05,9.029961982798261e-05,8.871908489704872e-05,9.740872981667259e-05
2017-08-15,4.1e-05,8.992578342748025e-05,9.17229141588205e-05,9.701470224499076e-05
2017-08-16,4.1e-05,9.019622335904032e-05,9.083509825047464e-05,9.739550833121058e-05
2017-08-17,4.1e-05,9.013789542944296e-05,9.335468695748084e-05,9.774453421740326e-05
2017-08-18,4.1e-05,8.989661674663196e-05,9.777361770679782e-05,9.748541317766701e-05
2017-08-21,4.1e-05,8.99204804176712e-05,9.354270239358975e-05,9.821776365459556e-05
2017-08-22,4.1e-05,8.99655556751977e-05,9.336263153203461e-05,9.858783044047748e-05
2017-08-23,4.1e-05,9.001593302926379e-05,9.498549120534605e-05,9.842659318270996e-05
2017-08-24,4.1e-05,9.007426354812331e-05,9.425757319991845e-05,9.887856223711466e-05
2017-08-25,4.1e-05,9.025985241573052e-05,9.520779862359774e-05,9.88759193594202e-05
2017-08-28,4.1e-05,9.036854864530319e-05,9.221837621065099e-05,9.918247622575649e-05
2017-08-29,4.1e-05,9.04984482550386e-05,9.579259295411369e-05,9.940180195822101e-05
2017-08-30,4.1e-05,9.075557835069858e-05,0.00010006759933811615,9.914283717704642e-05
2017-08-31,4.1e-05,9.114255354414348e-05,9.52660190227661e-05,9.875434423345375e-05
2017-09-01,4.1e-05,9.157187319686065e-05,9.599631558976363e-05,9.779741305981915e-05
2017-09-04,4.1e-05,9.17202643888615e-05,9.045603273127867e-05,9.816489290170871e-05
2017-09-05,4.1e-05,9.234818839365388e-05,8.665984367195456e-05,9.849796166072622e-05
2017-09-06,4.1e-05,9.23561358789904e-05,8.61208956313142e-05,9.859840304482503e-05
2017-09-07,4.1e-05,9.372276145414028e-05,8.649259524862174e-05,9.804064262763923e-05
2017-09-08,4.1e-05,9.335733515158928e-05,8.937686760712715e-05,9.700147886326782e-05
2017-09-11,4.1e-05,9.319843898936142e-05,8.849625181905907e-05,9.716015524374733e-05
2017-09-12,4.1e-05,9.393722817185868e-05,8.817258111237791e-05,9.772338239555367e-05
2017-09-13,4.1e-05,9.4000770651137e-05,9.021213076132462e-05,9.759382393292881e-05
2017-09-14,4.1e-05,9.369893078536862e-05,9.132276996304256e-05,9.717602237779843e-05
2017-09-15,4.1e-05,9.339440960043356e-05,9.24303113010172e-05,9.687717596418288e-05
2017-09-18,4.1e-05,9.340765035381617e-05,9.380219552390656e-05,9.727915651569496e-05
2017-09-19,4.1e-05,9.32858330158215e-05,9.918247622575649e-05,9.741137410612666e-05
2017-09-20,4.1e-05,9.30792608371256e-05,9.578994710612854e-05,9.751449940997858e-05
2017-09-21,4.1e-05,9.299450878352822e-05,9.768636631535266e-05,9.768107826313432e-05
2017-09-22,4.1e-05,9.299980586341404e-05,9.693800574517297e-05,9.781856431190228e-05
2017-09-25,4.1e-05,9.27111001167713e-05,9.968980554631024e-05,9.700147886326782e-05
2017-09-26,4.1e-05,9.277467095913929e-05,0.00011046162553607353,9.730295615151263e-05
2017-09-27,4.1e-05,9.289915959809214e-05,0.00010287432742916991,9.769429837458432e-05
2017-09-28,4.1e-05,9.2782617211018e-05,0.00011213491408068599,9.737435382217718e-05
2017-09-29,4.1e-05,9.290975411535564e-05,0.00010084680007205193,9.737170949697393e-05
2017-10-09,4.1e-05,9.311369061215656e-05,9.135722175623862e-05,9.795339971585548e-05
2017-10-10,4.1e-05,9.361154989839804e-05,0.00010021024921691435,9.838165652320541e-05
2017-10-11,4.1e-05,9.39901803398424e-05,9.445876255176344e-05,9.85138210707337e-05
2017-10-12,4.1e-05,9.386044571524367e-05,8.571462353423875e-05,9.877813109460121e-05
2017-10-13,4.1e-05,9.360095808674808e-05,8.550748130353725e-05,9.871469900768481e-05
2017-10-16,4.1e-05,9.456993982071003e-05,9.019092087125813e-05,9.950485258203301e-05
2017-10-17,4.1e-05,9.437405304124624e-05,8.779580160878098e-05,0.00010035817460218865
2017-10-18,4.1e-05,9.43502280210673e-05,8.916204460396315e-05,0.00010050609202361116
2017-10-19,4.1e-05,9.387103652658267e-05,8.683769987238854e-05,0.00010021817399308297
2017-10-20,4.1e-05,9.393193289897184e-05,8.653241722522687e-05,9.995664431161622e-05
2017-10-23,4.1e-05,9.375718316628756e-05,8.863685098425833e-05,0.00010063551323535869
2017-10-24,4.1e-05,9.371746576780636e-05,9.042156963601222e-05,0.00010038987186300474
2017-10-25,4.1e-05,9.380749104681564e-05,9.363273339890732e-05,0.00010117426256184281
2017-10-26,4.1e-05,9.44296439520098e-05,8.944051564174771e-05,0.00010222768758727518
2017-10-27,4.1e-05,9.527925075958343e-05,9.226341378520964e-05,0.00010223032724310244
2017-10-30,4.1e-05,9.518662726359928e-05,8.99151773976481e-05,0.00010477905085037875
2017-10-31,4.1e-05,9.557827102013584e-05,9.679783074756365e-05,0.00010471575715675918
2017-11-01,4.1e-05,9.524484811129774e-05,9.702528090471674e-05,0.00010436761577659048
2017-11-02,4.1e-05,9.5922236378998e-05,8.771088641701397e-05,0.00010367120064880275
2017-11-03,4.1e-05,9.618415034928772e-05,8.649790487869069e-05,0.0001048397059386641
2017-11-06,4.1e-05,9.628467635369732e-05,8.492049349229092e-05,0.00010447575532213094
2017-11-07,4.1e-05,9.654920089663399e-05,8.320130556649374e-05,0.00010472894346325035
2017-11-08,4.1e-05,9.654126553093612e-05,9.106569294625722e-05,0.00010549627749423252
2017-11-09,4.1e-05,9.559943936254812e-05,8.91461311207653e-05,0.00010484498023077826
2017-11-10,4.1e-05,9.576348848727713e-05,9.216803922429406e-05,0.00010541190760604557
2017-11-13,4.1e-05,9.58693214343498e-05,9.053556130123042e-05,0.00010657440201700119
2017-11-14,4.1e-05,9.614446801919918e-05,9.204086799252664e-05,0.0001075256471143593
2017-11-15,4.1e-05,9.724477889982984e-05,0.00010183699058807782,0.00010691962875331029
2017-11-16,4.1e-05,9.81225955669629e-05,9.516810218945793e-05,0.00010611578949859535
2017-11-17,4.1e-05,9.808558486490426e-05,9.511781921633933e-05,0.00010619750193097133
2017-11-20,4.1e-05,9.838958657537587e-05,8.997881296313182e-05,0.00010682739684875209
2017-11-21,4.1e-05,9.8014205674124e-05,9.425757319991845e-05,0.00010698550678966967
2017-11-22,4.1e-05,9.82627029946226e-05,0.00010266847493101139,0.00010711198819168821
2017-11-23,4.1e-05,9.827592030786648e-05,9.71151978663709e-05,0.00010753355081849492
2017-11-24,4.1e-05,9.800627453859788e-05,9.203027012438803e-05,0.00010761522109814514
2017-11-27,4.1e-05,9.82627029946226e-05,9.240911852770317e-05,0.00010646634504118957
2017-11-28,4.1e-05,9.908469887132121e-05,9.351092604026334e-05,0.00010693016934526511
2017-11-29,4.1e-05,9.842394987025216e-05,9.412520374962874e-05,0.00010730433416350493
2017-11-30,4.1e-05,9.823098118388884e-05,9.549094988337004e-05,0.00010566237314058036
2017-12-01,4.1e-05,9.844773959177822e-05,9.452229297046699e-05,0.00010454432941409131
2017-12-04,4.1e-05,9.780270088821652e-05,8.437854725884542e-05,0.00010487662577141066
2017-12-05,4.1e-05,9.804064262763924e-05,8.478236048592436e-05,0.00010389544448452526
2017-12-06,4.1e-05,9.819925900700356e-05,8.644215324959958e-05,0.00010429112425947018
2017-12-07,4.1e-05,0.00010084415908684365,8.53985925866052e-05,0.0001044230048559136
2017-12-08,4.1e-05,0.00010091018295477204,9.06760561489861e-05,0.00010514559815222313
2017-12-11,4.1e-05,0.00010152544911590232,8.567744530951771e-05,0.00010554637088944219
2017-12-12,4.1e-05,0.00010230159698654262,9.155862359366829e-05,0.00010567819124984723
2017-12-13,4.1e-05,0.00010177362908270204,9.717337786185887e-05,0.00010584691208337382
2017-12-14,4.1e-05,0.00010150696673205672,9.124326417664363e-05,0.00010476322756369782
2017-12-15,4.1e-05,0.00010174722802402948,9.272964176454401e-05,0.00010463400064453232
2017-12-18,4.1e-05,0.000101623139650453,9.00663094594023e-05,0.00010418033966619333
2017-12-19,4.1e-05,0.0001013987102731484,9.01458493107743e-05,0.0001045100425820511
2017-12-20,4.1e-05,0.00010194258985052328,8.930526180561671e-05,0.00010484234308605345
2017-12-21,4.1e-05,0.00010231743445632269,8.285840218635876e-05,0.00010500847826788728
2017-12-22,4.1e-05,0.00010172082671178195,9.503048344416953e-05,0.00010438607892715446
2017-12-25,4.1e-05,0.00010196898903180872,8.324383323521367e-05,0.00010439135409012756
2017-12-26,4.1e-05,0.00010185019071795588,0.00010194258985052329,0.00010458916539524132
2017-12-27,4.1e-05,0.0001013036523043187,0.00010633456248987372,0.00010452586732712099
2017-12-28,4.1e-05,0.00010195050963157648,0.00013298376243087162,0.00010492145633023142
2017-12-29,4.1e-05,0.00010107391530111977,0.00010887948345827958,0.00010452850477560283
2018-01-02,4.1e-05,9.942029850873446e-05,8.772415458868643e-05,0.00010466828592958777
2018-01-03,4.1e-05,9.877020216375598e-05,8.761535368950746e-05,0.00010583373114125827
2018-01-04,4.1e-05,9.721040085386434e-05,8.829993151415749e-05,0.00010636091950577686
2018-01-05,4.1e-05,9.674493266365047e-05,7.666282588103535e-05,0.00010583373114125827
2018-01-08,4.1e-05,9.59830873057399e-05,7.520504908420378e-05,0.00010583900352578723
2018-01-09,4.1e-05,9.570527862878819e-05,8.281055180048291e-05,0.00010572564503164017
2018-01-10,4.1e-05,9.582963455678772e-05,8.285042717992575e-05,0.00010622649608094115
2018-01-11,4.1e-05,9.692478199418986e-05,9.237203078082956e-05,0.00010712252804556677
2018-01-12,4.1e-05,9.656771666088916e-05,8.985684350104606e-05,0.00010726217729439824
2018-01-15,4.1e-05,9.676344710873863e-05,8.076283790359184e-05,0.00010784441181965754
2018-01-16,4.1e-05,9.637461755573896e-05,8.86872527066096e-05,0.00010766000699491407
2018-01-17,4.1e-05,9.659945768070166e-05,0.00010077549258125096,0.00010778645735132208
2018-01-18,4.1e-05,9.630319390052656e-05,9.436081694436105e-05,0.00010802090198924752
2018-01-19,4.1e-05,9.600689817101936e-05,9.210180494223508e-05,0.00010882418414714934
2018-01-22,4.1e-05,9.571586233114715e-05,8.945907937407682e-05,0.00010881891748804051
2018-01-23,4.1e-05,9.552270334522994e-05,8.700227296598584e-05,0.00010843705780216872
2018-01-24,4.1e-05,9.532688448476989e-05,8.632799162167082e-05,0.0001085792738182434
2018-01-25,4.1e-05,9.470758163532268e-05,8.557653044904967e-05,0.0001085792738182434
2018-01-26,4.1e-05,9.475787211687958e-05,8.843523484847182e-05,0.00010806568127375016
2018-01-29,4.1e-05,9.493255821624302e-05,8.740039290633383e-05,0.0001081973808223502
2018-01-30,4.1e-05,9.453817534565978e-05,8.379929045632117e-05,0.00010818947902757614
2018-01-31,4.1e-05,9.460170392849854e-05,8.377271611359483e-05,0.0001078154347382565
2018-02-01,4.1e-05,9.386044571524367e-05,8.605451540777409e-05,0.00010536181175901937
2018-02-02,4.1e-05,9.386309342196421e-05,8.619258447151168e-05,0.00010509813435133353
2018-02-05,4.1e-05,9.348974160050538e-05,8.460968446133421e-05,0.00010522733944284823
2018-02-06,4.1e-05,9.231639822204762e-05,8.366641617252313e-05,0.00010499793030094295
2018-02-07,4.1e-05,9.21468444277096e-05,8.13453949710663e-05,0.00010473685521672493
2018-02-08,4.1e-05,9.254421965732008e-05,0.00010298252576368405,0.00010456542879055952
2018-02-09,4.1e-05,9.263428338646128e-05,8.873500085404551e-05,0.00010450476764689576
2018-02-12,4.1e-05,9.208325905718516e-05,0.00010816313954697954,0.00010432013853378663
2018-02-13,4.1e-05,9.210180494223508e-05,0.00010886105047824834,0.00010445201773778834
2018-02-14,4.1e-05,9.1404923525662e-05,8.082402550146917e-05,0.00010419352854262875
2018-02-22,4.1e-05,9.212829884663876e-05,9.255746450853586e-05,0.00010434915250190357
2018-02-23,4.1e-05,9.261044327502077e-05,8.37301966307713e-05,0.00010446784281681332
2018-02-26,4.1e-05,9.10047330120456e-05,8.329964980147153e-05,0.00010408274001405537
2018-02-27,4.1e-05,8.935299921408735e-05,8.719868601314573e-05,0.0001036817537103385
2018-02-28,4.1e-05,9.028371293218208e-05,9.223162263283236e-05,0.00010319627092547634
2018-03-01,4.1e-05,8.848033447916848e-05,9.88706335962597e-05,0.0001030247483480018
2018-03-02,4.1e-05,8.768434988160045e-05,9.085365256278344e-05,0.0001030273872379972
2018-03-05,4.1e-05,8.858910113129781e-05,9.14870746315799e-05,0.00010316460602477484
2018-03-06,4.1e-05,8.824952268593478e-05,9.051170297191824e-05,0.00010316724478043326
2018-03-07,4.1e-05,8.851747479576845e-05,8.935299921408735e-05,0.00010290335666884864
2018-03-08,4.1e-05,8.820972558920559e-05,8.749593310852788e-05,0.00010237814391134137
2018-03-09,4.1e-05,8.888354533898024e-05,8.447950612988642e-05,0.00010264208246968387
2018-03-12,4.1e-05,8.862889273308916e-05,8.545967703232904e-05,0.00010297197001607472
2018-03-13,4.1e-05,8.881457925546954e-05,9.420197880749548e-05,0.00010303794277266576
2018-03-14,4.1e-05,8.929200126717163e-05,9.07211190126489e-05,0.00010330709520411929
2018-03-15,4.1e-05,8.892068020549537e-05,9.206736248468239e-05,0.00010311446918565004
2018-03-16,4.1e-05,8.915939236309178e-05,8.708455581629693e-05,0.00010298516469409158
2018-03-19,4.1e-05,8.920713230597954e-05,8.876152724379693e-05,0.00010266055721919187
2018-03-20,4.1e-05,8.957576281987123e-05,9.090136307587926e-05,0.00010213793778679481
2018-03-21,4.1e-05,8.884375742512773e-05,9.094377172513823e-05,0.0001012165129437026
2018-03-22,4.1e-05,8.853604476577459e-05,9.291505135866629e-05,0.00010108183758661404
2018-03-23,4.1e-05,8.708721006089881e-05,8.736058350811149e-05,0.00010080718502769592
2018-03-26,4.1e-05,8.835829847542166e-05,8.963940624706623e-05,0.00010068305419030921
2018-03-27,4.1e-05,8.834503336574429e-05,9.528189709939738e-05,0.00010088377359807055
2018-03-28,4.1e-05,8.858910113129781e-05,9.640900606089353e-05,0.00010016005843738185
2018-03-29,4.1e-05,8.860501784124786e-05,9.274023693550681e-05,0.00010089433737126008
2018-03-30,4.1e-05,8.903208179344979e-05,0.00010655068255704947,0.0001003608160545788
2018-04-02,4.1e-05,8.946703522094701e-05,9.079268792366868e-05,0.00010088905548966132
2018-04-03,4.1e-05,8.914613112076529e-05,8.75569709428703e-05,0.00010017062499345641
2018-04-04,4.1e-05,8.908778089344871e-05,8.438917468311935e-05,0.0001005615590037312
2018-04-09,4.1e-05,8.860501784124786e-05,8.905330063124772e-05,9.964753168056895e-05
2018-04-10,4.1e-05,8.842992896074264e-05,8.051009208176474e-05,9.977435132602075e-05
2018-04-11,4.1e-05,8.866603104151771e-05,8.792847634175871e-05,0.00010010458335107941
2018-04-12,4.1e-05,8.845645829635984e-05,8.755431715212758e-05,0.00010010458335107941
2018-04-13,4.1e-05,8.799215793797721e-05,8.904534358622485e-05,9.963696311254822e-05
2018-04-16,4.1e-05,8.602530760137839e-05,9.17891575751284e-05,9.912433875869375e-05
2018-04-17,4.1e-05,8.621382524998111e-05,8.904799593723034e-05,9.80776539352135e-05
2018-04-18,4.1e-05,8.307106048577317e-05,0.00010018911636877625,9.431581373786635e-05
2018-04-19,4.1e-05,7.935514692158918e-05,0.00010180002988757764,9.503577660030516e-05
2018-04-20,4.1e-05,8.144912505470002e-05,0.0001199012982111558,9.510987971550477e-05
2018-04-23,4.1e-05,8.044357615877296e-05,0.00011199025170038901,9.655449112777603e-05
2018-04-24,4.1e-05,8.224957679359156e-05,0.00012460245500212075,9.701470224499076e-05
2018-04-25,4.1e-05,8.203153663988161e-05,0.00011247155340621262,9.655713623946127e-05
2018-04-26,4.1e-05,8.24250599593679e-05,0.00012412851120924273,9.748276895948926e-05
2018-04-27,4.1e-05,8.274674998953735e-05,0.00011385449779011125,9.78000569753501e-05
2018-05-02,4.1e-05,8.362123745198069e-05,9.94837143077909e-05,9.798512473158105e-05
2018-05-03,4.1e-05,8.375677138472426e-05,8.859175392261776e-05,9.849267517036964e-05
2018-05-04,4.1e-05,8.369830658661037e-05,8.563229964586583e-05,9.81199519618503e-05
2018-05-07,4.1e-05,8.257128736954833e-05,9.03499910569483e-05,9.763612940894006e-05
2018-05-08,4.1e-05,8.30152392754524e-05,8.27706758421698e-05,9.943086791031064e-05
2018-05-09,4.1e-05,8.264572742544551e-05,8.724646003654968e-05,9.963696311254822e-05
2018-05-10,4.1e-05,8.271219005662189e-05,8.120974202929787e-05,9.957355085066233e-05
2018-05-11,4.1e-05,8.253938387126071e-05,8.252609063741367e-05,9.905298654944161e-05
2018-05-14,4.1e-05,8.281852692260117e-05,8.473985662527106e-05,9.944936426498074e-05
2018-05-15,4.1e-05,8.34033061303252e-05,8.834238033617048e-05,9.972415258308054e-05
2018-05-16,4.1e-05,8.403844797499893e-05,0.00010009401654120786,0.00010041628596746399
2018-05-17,4.1e-05,8.477439106213679e-05,8.697838393501023e-05,9.979812935800858e-05
2018-05-18,4.1e-05,8.630409672716333e-05,8.335014952698394e-05,0.00010005174889426982
2018-05-21,4.1e-05,8.64660469435119e-05,8.210865037927562e-05,9.953655968875097e-05
2018-05-22,4.1e-05,8.705535895803251e-05,8.297004984592071e-05,9.901598837824821e-05
2018-05-23,4.1e-05,8.632799162167082e-05,8.742958609841978e-05,9.874905823648028e-05
2018-05-24,4.1e-05,8.560308735061639e-05,8.755431715212758e-05,9.829442443920478e-05
2018-05-25,4.1e-05,8.619523957786868e-05,9.102858706033778e-05,9.867241013616912e-05
2018-05-28,4.1e-05,8.674744592584993e-05,9.874377222929276e-05,9.756738267974185e-05
2018-05-29,4.1e-05,8.700492729007969e-05,9.408019668355472e-05,9.776304192810059e-05
2018-05-30,4.1e-05,8.699430997882729e-05,0.00010111352649988525,9.69644530559588e-05
2018-05-31,4.1e-05,8.713764021850423e-05,9.94837143077909e-05,9.769958640126752e-05
2018-06-01,4.1e-05,8.521533110017465e-05,9.177855873598872e-05,9.73902197192178e-05
2018-06-04,4.1e-05,8.531360327235227e-05,9.094377172513823e-05,9.808822850287946e-05
2018-06-05,4.1e-05,8.608637811513553e-05,8.569337889596795e-05,9.825477257630055e-05
2018-06-06,4.1e-05,8.672090008321476e-05,9.258395401934294e-05,9.85851872830068e-05
2018-06-07,4.1e-05,8.687751684743894e-05,8.672090008321476e-05,9.885477624571593e-05
2018-06-08,4.1e-05,8.688548017321551e-05,8.650852410840848e-05,9.836315297939713e-05
2018-06-11,4.1e-05,8.614479211921378e-05,8.829993151415749e-05,9.826798992751407e-05
2018-06-12,4.1e-05,8.704208755627718e-05,8.708721006089881e-05,9.873055716669299e-05
2018-06-13,4.1e-05,8.748000997216288e-05,9.442699679129696e-05,9.893141925876314e-05
2018-06-14,4.1e-05,8.660409532867952e-05,9.0124638908895e-05,9.754887365120979e-05
2018-06-15,4.1e-05,8.657754810093009e-05,9.280910455133906e-05,9.686130710417906e-05
2018-06-19,4.1e-05,8.713764021850423e-05,9.320108733401611e-05,9.702792556320894e-05
2018-06-20,4.1e-05,8.71084439242331e-05,9.306337002623621e-05,9.62767402237219e-05
2018-06-21,4.1e-05,8.839013447725641e-05,9.208060963472597e-05,9.637461755573895e-05
2018-06-22,4.1e-05,8.875622198645239e-05,9.202232169625013e-05,9.617885940493842e-05
2018-06-25,4.1e-05,8.773742269641005e-05,9.580582215518163e-05,9.62185412383132e-05
2018-06-26,4.1e-05,8.798154444122908e-05,0.00011201655451786863,9.638255340282953e-05
2018-06-27,4.1e-05,8.822564449717518e-05,0.0001000860914068813,9.612330387542833e-05
2018-06-28,4.1e-05,8.763923718269062e-05,0.00010423045705931777,9.533482335855048e-05
2018-06-29,4.1e-05,8.617930890153502e-05,0.00010495573802860036,9.362478960528442e-05
2018-07-02,4.1e-05,8.614479211921378e-05,9.126976636109063e-05,9.404313148753118e-05
2018-07-03,4.1e-05,8.575445678826732e-05,8.60624811191979e-05,9.334939056171443e-05
2018-07-04,4.1e-05,8.321991150239683e-05,8.846176413257467e-05,9.459905693343096e-05
2018-07-05,4.1e-05,8.261382479135548e-05,8.544374209051853e-05,9.413844098160595e-05
2018-07-06,4.1e-05,8.257128736954833e-05,7.792276642892837e-05,9.440052504383623e-05
2018-07-09,4.1e-05,8.199430854261003e-05,9.045073074465115e-05,9.523161620883513e-05
2018-07-10,4.1e-05,8.262445904394511e-05,8.486470984503391e-05,9.550418053705378e-05
2018-07-11,4.1e-05,8.264572742544551e-05,8.923630630719437e-05,9.50781214823504e-05
2018-07-12,4.1e-05,8.181081983682502e-05,8.595361439622806e-05,9.475257842539442e-05
2018-07-13,4.1e-05,8.177358874883467e-05,8.767373519558141e-05,9.422845246809253e-05
2018-07-16,4.1e-05,8.318004148510916e-05,9.214419506675675e-05,9.369893078536862e-05
2018-07-17,4.1e-05,8.317472543928339e-05,8.610496452399197e-05,9.373600062523302e-05
2018-07-18,4.1e-05,8.312422248901719e-05,8.513033611667886e-05,9.343942790152049e-05
2018-07-19,4.1e-05,8.259521475029175e-05,9.17229141588205e-05,9.422580511353473e-05
2018-07-20,4.1e-05,8.038770153917518e-05,8.63757807874066e-05,9.290710548981451e-05
2018-07-23,4.1e-05,8.314548700227853e-05,8.914347886457286e-05,9.463082070459983e-05
2018-07-24,4.1e-05,8.362389504434908e-05,8.574383464377e-05,9.568675705140528e-05
2018-07-25,4.1e-05,8.36717312671098e-05,8.172837889230955e-05,9.595663054673409e-05
2018-07-26,4.1e-05,8.361857985694775e-05,8.17204006051675e-05,9.543008805601438e-05
2018-07-27,4.1e-05,8.192251007366202e-05,8.198101267153923e-05,9.510723321004555e-05
2018-07-30,4.1e-05,8.001251394706976e-05,8.250216265470733e-05,9.485580357093681e-05
2018-07-31,4.1e-05,7.932320605541499e-05,9.423109982020783e-05,9.446405680946235e-05
2018-08-01,4.1e-05,7.70757664545485e-05,8.413941934382052e-05,9.405901663273042e-05
2018-08-02,4.1e-05,7.679071088628753e-05,7.955210739130081e-05,9.356918240732703e-05
2018-08-03,4.1e-05,7.551692378093833e-05,8.176029180950728e-05,9.37333527961659e-05
2018-08-06,4.1e-05,7.412254257666007e-05,7.897715620219792e-05,9.31507683488153e-05
2018-08-07,4.1e-05,7.232186430217169e-05,8.44210567092496e-05,9.333879773953946e-05
2018-08-08,4.1e-05,7.219910844824541e-05,8.068834681473902e-05,9.433169730677093e-05
2018-08-09,4.1e-05,7.33597326032509e-05,7.064550616320275e-05,9.57105704850747e-05
2018-08-10,4.1e-05,7.537565159498882e-05,7.904903168109989e-05,9.58931332855073e-05
2018-08-13,4.1e-05,7.583142822031874e-05,7.503443597922654e-05,9.644603935421436e-05
2018-08-14,4.1e-05,7.756854977825078e-05,8.462828086241991e-05,9.60942029117895e-05
2018-08-15,4.1e-05,7.677738980937932e-05,8.15927448589715e-05,9.60307088300194e-05
2018-08-16,4.1e-05,7.671877630333057e-05,7.707843038584627e-05,9.620266857379711e-05
2018-08-17,4.1e-05,7.850592593516836e-05,8.656692913810993e-05,9.804328630913517e-05
2018-08-20,4.1e-05,7.946427541272172e-05,8.121506187874772e-05,9.842130655512982e-05
2018-08-21,4.1e-05,7.963195220805908e-05,8.788336765142013e-05,9.847152910724688e-05
2018-08-22,4.1e-05,7.958404559649246e-05,8.684035435524429e-05,9.770223041072335e-05
2018-08-23,4.1e-05,7.826362354501626e-05,8.316675135078277e-05,9.733997739758138e-05
2018-08-24,4.1e-05,7.731817362111038e-05,9.150827451831489e-05,9.731088931763665e-05
2018-08-27,4.1e-05,7.805325578935651e-05,7.814912157444454e-05,9.78053447984184e-05
2018-08-28,4.1e-05,7.85485263443686e-05,8.22123516508455e-05,9.784235927567941e-05
2018-08-29,4.1e-05,7.758719389849844e-05,8.017483543465431e-05,9.751449940997858e-05
2018-08-30,4.1e-05,7.760583789195863e-05,8.70659760332515e-05,9.719453391832111e-05
2018-08-31,4.1e-05,7.737677434138668e-05,9.992494205257607e-05,9.673435292456567e-05
2018-09-03,4.1e-05,7.754191510134234e-05,8.405970541369712e-05,9.614711352567973e-05
2018-09-04,4.1e-05,7.750196260181141e-05,8.451138710796613e-05,9.681105510939148e-05
2018-09-05,4.1e-05,7.744336455184353e-05,8.439448837993524e-05,9.710990871480973e-05
2018-09-06,4.1e-05,7.758186701978255e-05,8.776395871934461e-05,9.734262175320474e-05
2018-09-07,4.1e-05,7.767774925393489e-05,9.157717302032964e-05,9.760704446426516e-05
2018-09-10,4.1e-05,7.796004973559256e-05,9.252567675832601e-05,9.787672941530268e-05
2018-09-11,4.1e-05,7.826894910212268e-05,8.646870178563582e-05,9.887327647906119e-05
2018-09-12,4.1e-05,7.848995061143782e-05,8.824421643960356e-05,9.877813109460121e-05
2018-09-13,4.1e-05,7.799466949620637e-05,8.659878590355774e-05,9.848210215923636e-05
2018-09-14,4.1e-05,7.813846998572238e-05,8.697838393501023e-05,9.828649411236512e-05
2018-09-17,4.1e-05,7.811716668437718e-05,0.00010052193984666502,9.776304192810059e-05
2018-09-18,4.1e-05,7.863106275762809e-05,8.658816702289407e-05,9.789788005676314e-05
2018-09-19,4.1e-05,7.848462548287749e-05,8.81540086854482e-05,9.862483437772518e-05
2018-09-20,4.1e-05,7.869496021339906e-05,8.541187192934174e-05,9.921682960523093e-05
2018-09-21,4.1e-05,8.04808252741207e-05,8.784091173685837e-05,9.918776138895247e-05
2018-09-25,4.1e-05,8.126825980592223e-05,9.465464329183604e-05,9.889706231036577e-05
2018-09-26,4.1e-05,8.123634117329638e-05,9.127771696659792e-05,9.876755918170055e-05
2018-09-27,4.1e-05,8.132411652117533e-05,9.879134592827299e-05,9.804592998796657e-05
2018-09-28,4.1e-05,8.029989626945344e-05,0.0001019056305702204,9.751978778282933e-05
